dataset,architecture,seed,condition,mode,M,cutout_area,config_epochs,metrics_epoch_count,required_columns_ok,epoch_sequence_ok,status,analysis_valid,issue_count,issues,source_path,config_path,metrics_path,config_sha256,metrics_sha256
CIFAR-100,resnet18,42,High-saliency cutout,cam_high,4.0,0.05,100,100,True,True,valid,True,0,,runs/cifar100/resnet18/42/0.05/resnet18_seed42_cam_high_M4_area0.05,runs/cifar100/resnet18/42/0.05/resnet18_seed42_cam_high_M4_area0.05/config.json,runs/cifar100/resnet18/42/0.05/resnet18_seed42_cam_high_M4_area0.05/metrics.csv,65688c8e1e1b9734401597c11a4c980771979038451cba048d3c540e83a1b79e,79beaa5e9b7ba422e24fd220fbebfd278c67199e269d4f9507bb7d377e6844f1
CIFAR-100,resnet18,42,High-saliency cutout,cam_high,4.0,0.1,100,100,True,True,valid,True,0,,runs/cifar100/resnet18/42/0.1/resnet18_seed42_cam_high_M4_area0.1,runs/cifar100/resnet18/42/0.1/resnet18_seed42_cam_high_M4_area0.1/config.json,runs/cifar100/resnet18/42/0.1/resnet18_seed42_cam_high_M4_area0.1/metrics.csv,8911db154537be5020b7c857321c951b1b018f02d0f5ffadf3a2d06bcde261e0,08b98176fed54a7a6924758a91b45f43596fe51604210ff58987b62737a4e357
CIFAR-100,resnet18,42,High-saliency cutout,cam_high,4.0,0.2,100,100,True,True,valid,True,0,,runs/cifar100/resnet18/42/0.2/resnet18_seed42_cam_high_M4_area0.2,runs/cifar100/resnet18/42/0.2/resnet18_seed42_cam_high_M4_area0.2/config.json,runs/cifar100/resnet18/42/0.2/resnet18_seed42_cam_high_M4_area0.2/metrics.csv,9ba4b666dd2d518addcb291dc1a4d3e3dccd74f1207cc1c2354611609f0eefb4,bb45e02020bed92db7bbf1c0b18cb4930fec5c68a51538cb7f62601b5a0c9220
CIFAR-100,resnet18,42,High-saliency cutout,cam_high,4.0,0.3,100,100,True,True,valid,True,0,,runs/cifar100/resnet18/42/0.3/resnet18_seed42_cam_high_M4_area0.3,runs/cifar100/resnet18/42/0.3/resnet18_seed42_cam_high_M4_area0.3/config.json,runs/cifar100/resnet18/42/0.3/resnet18_seed42_cam_high_M4_area0.3/metrics.csv,fc8bedacfb7731ba212ad99b35251cabe09c5f3b70d35054bab03661969e60c1,ffec502f9b8af992c2b2c2171bf80a56791b5e2d5ce7c83f45fad8842e6431c4
CIFAR-100,resnet18,42,High-saliency cutout,cam_high,8.0,0.05,100,100,True,True,valid,True,0,,runs/cifar100/resnet18/42/0.05/resnet18_seed42_cam_high_M8_area0.05,runs/cifar100/resnet18/42/0.05/resnet18_seed42_cam_high_M8_area0.05/config.json,runs/cifar100/resnet18/42/0.05/resnet18_seed42_cam_high_M8_area0.05/metrics.csv,55ebcd6fbf61c35a5fc0236634580a3a4a58360f234443c9ae75e4997557ceb4,0d544d018203448fb96202d6be63ca78a1da130a681e6808d5e9b7c6609f72ab
CIFAR-100,resnet18,42,High-saliency cutout,cam_high,8.0,0.1,100,100,True,True,valid,True,0,,runs/cifar100/resnet18/42/0.1/resnet18_seed42_cam_high_M8_area0.1,runs/cifar100/resnet18/42/0.1/resnet18_seed42_cam_high_M8_area0.1/config.json,runs/cifar100/resnet18/42/0.1/resnet18_seed42_cam_high_M8_area0.1/metrics.csv,88e7107f346abc1d102927555d45cc3d18cc95f6f0d29c79a5c2ae585977d89f,5ab5cb8311e51ad8b46570952b4c860512bd93a6ac8908a5381d1aa8253c47f4
CIFAR-100,resnet18,42,High-saliency cutout,cam_high,8.0,0.2,100,100,True,True,valid,True,0,,runs/cifar100/resnet18/42/0.2/resnet18_seed42_cam_high_M8_area0.2,runs/cifar100/resnet18/42/0.2/resnet18_seed42_cam_high_M8_area0.2/config.json,runs/cifar100/resnet18/42/0.2/resnet18_seed42_cam_high_M8_area0.2/metrics.csv,5594ed45fb42b110f32a1f621f7f41c23e5e11943a86712da39bcb3ee99cbe33,53de5cd0132044a39b9daaa62efa96b46f46caa0fc3bafc2b6c09920c0b65daa
CIFAR-100,resnet18,42,High-saliency cutout,cam_high,8.0,0.3,100,100,True,True,valid,True,0,,runs/cifar100/resnet18/42/0.3/resnet18_seed42_cam_high_M8_area0.3,runs/cifar100/resnet18/42/0.3/resnet18_seed42_cam_high_M8_area0.3/config.json,runs/cifar100/resnet18/42/0.3/resnet18_seed42_cam_high_M8_area0.3/metrics.csv,1dc6306e4fed0d99883c07afac91742372afb75ba456acc699f5219a50ac7c9d,bf3c956987a67768c08bb5d6421026643309a0a71163ced384ebf5ef6f93e961
CIFAR-100,resnet18,42,Low-saliency cutout,cam_low,4.0,0.05,100,100,True,True,valid,True,0,,runs/cifar100/resnet18/42/0.05/resnet18_seed42_cam_low_M4_area0.05,runs/cifar100/resnet18/42/0.05/resnet18_seed42_cam_low_M4_area0.05/config.json,runs/cifar100/resnet18/42/0.05/resnet18_seed42_cam_low_M4_area0.05/metrics.csv,c038700be0146a6e36dad8f0558d92674f211a3c7aaf939ef9e34ed94cae0123,e32ff28d51418d6301d0621b662f103fb462fa6fe8fc9b6ea4d3560ed4c7b218
CIFAR-100,resnet18,42,Low-saliency cutout,cam_low,4.0,0.1,100,100,True,True,valid,True,0,,runs/cifar100/resnet18/42/0.1/resnet18_seed42_cam_low_M4_area0.1,runs/cifar100/resnet18/42/0.1/resnet18_seed42_cam_low_M4_area0.1/config.json,runs/cifar100/resnet18/42/0.1/resnet18_seed42_cam_low_M4_area0.1/metrics.csv,1ef0b75d3aeabf888cc1e4eee391d7ed97369fb9e22f6e98349c8be8f6dbdab8,95f4e7c2a2a9f0bcf3b1913a75f33eb7f49dca6a878aef5c059006b5d9e3fafd
CIFAR-100,resnet18,42,Low-saliency cutout,cam_low,4.0,0.2,100,100,True,True,valid,True,0,,runs/cifar100/resnet18/42/0.2/resnet18_seed42_cam_low_M4_area0.2,runs/cifar100/resnet18/42/0.2/resnet18_seed42_cam_low_M4_area0.2/config.json,runs/cifar100/resnet18/42/0.2/resnet18_seed42_cam_low_M4_area0.2/metrics.csv,ce8b76201c07c0eb8438e0709918c008a2e99328eadc546c0d75e9b7faf05f17,b1f8d7f7ed8b2feeff963d1fa07d6866dbd803560c21bcfe26e5fa0bb86a4343
CIFAR-100,resnet18,42,Low-saliency cutout,cam_low,4.0,0.3,100,100,True,True,valid,True,0,,runs/cifar100/resnet18/42/0.3/resnet18_seed42_cam_low_M4_area0.3,runs/cifar100/resnet18/42/0.3/resnet18_seed42_cam_low_M4_area0.3/config.json,runs/cifar100/resnet18/42/0.3/resnet18_seed42_cam_low_M4_area0.3/metrics.csv,498b02914bf157ccb529678667d681f4e33787febb81d95831834f2ecbaaca3e,ca975c26c84b5740abee85e34a47dea81c71a51acbff90ca11f626dc36291d96
CIFAR-100,resnet18,42,Low-saliency cutout,cam_low,8.0,0.05,100,100,True,True,valid,True,0,,runs/cifar100/resnet18/42/0.05/resnet18_seed42_cam_low_M8_area0.05,runs/cifar100/resnet18/42/0.05/resnet18_seed42_cam_low_M8_area0.05/config.json,runs/cifar100/resnet18/42/0.05/resnet18_seed42_cam_low_M8_area0.05/metrics.csv,b26c6e4b513d9132d7abe14098b863e1fba32a0e1bc4793199d8aec84e151ae7,78128467d02d97275eb8d31812e5bf5681d27825fda244e70fd47196ad61ae20
CIFAR-100,resnet18,42,Low-saliency cutout,cam_low,8.0,0.1,100,100,True,True,valid,True,0,,runs/cifar100/resnet18/42/0.1/resnet18_seed42_cam_low_M8_area0.1,runs/cifar100/resnet18/42/0.1/resnet18_seed42_cam_low_M8_area0.1/config.json,runs/cifar100/resnet18/42/0.1/resnet18_seed42_cam_low_M8_area0.1/metrics.csv,9c5681dfa443770a41729ebf3a60f7943fdc4dc17daa2c59a6e3e89d96917e60,ee34651a151d8a8fc235a9421ba7cb768345eb98c6803c6fe7f3adffe54c2b9d
CIFAR-100,resnet18,42,Low-saliency cutout,cam_low,8.0,0.2,100,100,True,True,valid,True,0,,runs/cifar100/resnet18/42/0.2/resnet18_seed42_cam_low_M8_area0.2,runs/cifar100/resnet18/42/0.2/resnet18_seed42_cam_low_M8_area0.2/config.json,runs/cifar100/resnet18/42/0.2/resnet18_seed42_cam_low_M8_area0.2/metrics.csv,0751b5d4578c8be6d437c57348bb554681ef29a03c7bf263de51c9f6ac2fbe7b,fb7815774bbbd3a842e56c31d37629c664189b32e47bfb9b897dba7f20d61338
CIFAR-100,resnet18,42,Low-saliency cutout,cam_low,8.0,0.3,100,100,True,True,valid,True,0,,runs/cifar100/resnet18/42/0.3/resnet18_seed42_cam_low_M8_area0.3,runs/cifar100/resnet18/42/0.3/resnet18_seed42_cam_low_M8_area0.3/config.json,runs/cifar100/resnet18/42/0.3/resnet18_seed42_cam_low_M8_area0.3/metrics.csv,cd2d2117edd1b0a32aa5fd5b86c3b00790aefdecec8aa5b85114ee788f887405,5749edb259d462b1b5e117a70af451f97205148f447616c1e5afd27413090665
CIFAR-100,resnet18,42,Random cutout,random,4.0,0.05,100,100,True,True,valid,True,0,,runs/cifar100/resnet18/42/0.05/resnet18_seed42_random_M4_area0.05,runs/cifar100/resnet18/42/0.05/resnet18_seed42_random_M4_area0.05/config.json,runs/cifar100/resnet18/42/0.05/resnet18_seed42_random_M4_area0.05/metrics.csv,91076c217813917982ef9a69cef64d39d291dcf06faf11df1883c3f23bdacffa,a285e502de84e1f5933de0a716054bccbfc5bc9edf35a4d634c41aa47eb4dc93
CIFAR-100,resnet18,42,Random cutout,random,4.0,0.1,100,100,True,True,valid,True,0,,runs/cifar100/resnet18/42/0.1/resnet18_seed42_random_M4_area0.1,runs/cifar100/resnet18/42/0.1/resnet18_seed42_random_M4_area0.1/config.json,runs/cifar100/resnet18/42/0.1/resnet18_seed42_random_M4_area0.1/metrics.csv,9e00d03fe7b9723837af123c744a3f2869af195ebafcda6919aa8126b43c6d4c,e66d5bbc7e9acbfb1196d475e5de3653d6915accb2e41855859cfd4aa9a1ae58
CIFAR-100,resnet18,42,Random cutout,random,4.0,0.2,100,100,True,True,valid,True,0,,runs/cifar100/resnet18/42/0.2/resnet18_seed42_random_M4_area0.2,runs/cifar100/resnet18/42/0.2/resnet18_seed42_random_M4_area0.2/config.json,runs/cifar100/resnet18/42/0.2/resnet18_seed42_random_M4_area0.2/metrics.csv,7f3975ab2ef434a852d19f188e59e80b474f0c4269d934ead68f5602cdaf6bac,9a8bff5a6a6775f326c7138f3b6037dd3af18e3ff4c215e63ef0d6fc20038ad2
CIFAR-100,resnet18,42,Random cutout,random,4.0,0.3,100,100,True,True,valid,True,0,,runs/cifar100/resnet18/42/0.3/resnet18_seed42_random_M4_area0.3,runs/cifar100/resnet18/42/0.3/resnet18_seed42_random_M4_area0.3/config.json,runs/cifar100/resnet18/42/0.3/resnet18_seed42_random_M4_area0.3/metrics.csv,0d7c1abab067384ac76f7dc1a5f5ad1db4529840e42d72b153436b0c71c9251d,afbafb19f08e2ed864ccb37c6f66e45c2ab4acd26ea1d63c3f5b40c839adf84a
CIFAR-100,resnet18,42,Random cutout,random,8.0,0.05,100,100,True,True,valid,True,0,,runs/cifar100/resnet18/42/0.05/resnet18_seed42_random_M8_area0.05,runs/cifar100/resnet18/42/0.05/resnet18_seed42_random_M8_area0.05/config.json,runs/cifar100/resnet18/42/0.05/resnet18_seed42_random_M8_area0.05/metrics.csv,6b982b8a8091c150f76a1b613b7ec88ddb76d6f01ace4294ebb133b723c97949,8d8cf89c68d33808a18282767926d233c045854fb730c240f45e73dd6d1191c3
CIFAR-100,resnet18,42,Random cutout,random,8.0,0.1,100,100,True,True,valid,True,0,,runs/cifar100/resnet18/42/0.1/resnet18_seed42_random_M8_area0.1,runs/cifar100/resnet18/42/0.1/resnet18_seed42_random_M8_area0.1/config.json,runs/cifar100/resnet18/42/0.1/resnet18_seed42_random_M8_area0.1/metrics.csv,89e6072cd7a60c3af2bcd5293257be23796263512a946881b6ffcc070a32381a,4b7803250de2990f27ed5722867fa65a7fcd1a32522720c745bcbac66c3db75d
CIFAR-100,resnet18,42,Random cutout,random,8.0,0.2,100,100,True,True,valid,True,0,,runs/cifar100/resnet18/42/0.2/resnet18_seed42_random_M8_area0.2,runs/cifar100/resnet18/42/0.2/resnet18_seed42_random_M8_area0.2/config.json,runs/cifar100/resnet18/42/0.2/resnet18_seed42_random_M8_area0.2/metrics.csv,82ecdf78c00bce9e1b2da9c2e8322ca7e991178018e33e913f8886c6073a4d93,7056c613fe0aff2174f351c406f43a9f698a80997b39513f480c5a4c201ffd63
CIFAR-100,resnet18,42,Random cutout,random,8.0,0.3,100,100,True,True,valid,True,0,,runs/cifar100/resnet18/42/0.3/resnet18_seed42_random_M8_area0.3,runs/cifar100/resnet18/42/0.3/resnet18_seed42_random_M8_area0.3/config.json,runs/cifar100/resnet18/42/0.3/resnet18_seed42_random_M8_area0.3/metrics.csv,ce2018f1df54906dab85c3dc4a185c1a586421292a1eb50bc6ccba2cf244b565,c9bd26f058c281c58488a2f637e9a7fa7c1e960c07f088e3fbad8bb2e39b94b3
CIFAR-100,resnet18,42,No cutout,none,,,100,100,True,True,valid_selected_baseline,True,0,,runs/cifar100/resnet18/42/0.05/resnet18_seed42_none,runs/cifar100/resnet18/42/0.05/resnet18_seed42_none/config.json,runs/cifar100/resnet18/42/0.05/resnet18_seed42_none/metrics.csv,0e2e6c679f11d046597e9d31dc37d8293f9dc4baf5bbc12c17d8b01a0aaae868,4acc4724f63720b9dfda3f86c6a283da03cd09d8877f10b6eb4463b475d4788f
CIFAR-100,resnet18,42,No cutout,none,,,100,100,True,True,duplicate_baseline_exact,False,1,deduplicated_exact_no_cutout_copy,runs/cifar100/resnet18/42/0.1/resnet18_seed42_none,runs/cifar100/resnet18/42/0.1/resnet18_seed42_none/config.json,runs/cifar100/resnet18/42/0.1/resnet18_seed42_none/metrics.csv,715e2c6fffb6fa39c2b9efd4196e9d5a04a2b875d29aeaae79a6e081549c8c6d,4acc4724f63720b9dfda3f86c6a283da03cd09d8877f10b6eb4463b475d4788f
CIFAR-100,resnet18,42,No cutout,none,,,100,100,True,True,duplicate_baseline_exact,False,1,deduplicated_exact_no_cutout_copy,runs/cifar100/resnet18/42/0.2/resnet18_seed42_none,runs/cifar100/resnet18/42/0.2/resnet18_seed42_none/config.json,runs/cifar100/resnet18/42/0.2/resnet18_seed42_none/metrics.csv,8afca1dfa62b25aa4a181f1bbabab95d7d30f7bda8cebbd40593c0da41c901bc,4acc4724f63720b9dfda3f86c6a283da03cd09d8877f10b6eb4463b475d4788f
CIFAR-100,resnet18,42,No cutout,none,,,100,100,True,True,duplicate_baseline_exact,False,1,deduplicated_exact_no_cutout_copy,runs/cifar100/resnet18/42/0.3/resnet18_seed42_none,runs/cifar100/resnet18/42/0.3/resnet18_seed42_none/config.json,runs/cifar100/resnet18/42/0.3/resnet18_seed42_none/metrics.csv,e232fe302982fa70684763516dff66a12983cd495472f82b8a6ae4e35826e5a7,4acc4724f63720b9dfda3f86c6a283da03cd09d8877f10b6eb4463b475d4788f
CIFAR-100,resnet18,43,High-saliency cutout,cam_high,4.0,0.05,100,100,True,True,valid,True,0,,runs/cifar100/resnet18/43/0.05/resnet18_seed43_cam_high_M4_area0.05,runs/cifar100/resnet18/43/0.05/resnet18_seed43_cam_high_M4_area0.05/config.json,runs/cifar100/resnet18/43/0.05/resnet18_seed43_cam_high_M4_area0.05/metrics.csv,3f281523fe061c0e3aa0a54c3165d05169f3db3dbc4215ae1df76285718318fa,df55e648698372093246cd8ac47b420f0836be3b9dc0a0d33ad747a067fdff71
CIFAR-100,resnet18,43,High-saliency cutout,cam_high,4.0,0.1,100,100,True,True,valid,True,0,,runs/cifar100/resnet18/43/0.1/resnet18_seed43_cam_high_M4_area0.1,runs/cifar100/resnet18/43/0.1/resnet18_seed43_cam_high_M4_area0.1/config.json,runs/cifar100/resnet18/43/0.1/resnet18_seed43_cam_high_M4_area0.1/metrics.csv,c5cd8ebcb0d6f215d53f3edbf917e884fca011e4809d9555555ea91b301c32ad,848e187c8261061a85572f7610cab7c38e3a029b07720bb58eb88c0e1313ef95
CIFAR-100,resnet18,43,High-saliency cutout,cam_high,4.0,0.2,100,100,True,True,valid,True,0,,runs/cifar100/resnet18/43/0.2/resnet18_seed43_cam_high_M4_area0.2,runs/cifar100/resnet18/43/0.2/resnet18_seed43_cam_high_M4_area0.2/config.json,runs/cifar100/resnet18/43/0.2/resnet18_seed43_cam_high_M4_area0.2/metrics.csv,320c680350bdcf2346a7d14517209577dd4f07df753ea51db1480bb28f364b27,3fb872a1cfd72a9f8468c2f04ee48720c0e0f831656967d28990f668d4b28fba
CIFAR-100,resnet18,43,High-saliency cutout,cam_high,4.0,0.3,100,100,True,True,valid,True,0,,runs/cifar100/resnet18/43/0.3/resnet18_seed43_cam_high_M4_area0.3,runs/cifar100/resnet18/43/0.3/resnet18_seed43_cam_high_M4_area0.3/config.json,runs/cifar100/resnet18/43/0.3/resnet18_seed43_cam_high_M4_area0.3/metrics.csv,a5a17c85db64dcf04c80a2f66c7d1099b7d2cb574b8f17c630f50b82ab271792,5766e632267b730a048853071f72978a32ad8391056b98c12ef769c6926afea1
CIFAR-100,resnet18,43,High-saliency cutout,cam_high,8.0,0.05,100,100,True,True,valid,True,0,,runs/cifar100/resnet18/43/0.05/resnet18_seed43_cam_high_M8_area0.05,runs/cifar100/resnet18/43/0.05/resnet18_seed43_cam_high_M8_area0.05/config.json,runs/cifar100/resnet18/43/0.05/resnet18_seed43_cam_high_M8_area0.05/metrics.csv,5d8cdc9051273f0a125415b38dc042943de6ce646f371b4930c0259b3f20308b,98f29a7ad9fc02d19cfcea11dbd38dee104e5f4212ecda02361fc0022c028239
CIFAR-100,resnet18,43,High-saliency cutout,cam_high,8.0,0.1,100,100,True,True,valid,True,0,,runs/cifar100/resnet18/43/0.1/resnet18_seed43_cam_high_M8_area0.1,runs/cifar100/resnet18/43/0.1/resnet18_seed43_cam_high_M8_area0.1/config.json,runs/cifar100/resnet18/43/0.1/resnet18_seed43_cam_high_M8_area0.1/metrics.csv,4fd4a7c50fdb525e7c81cdec221055366c0cce981c5e42ddcf11f321343b344e,ab7e98271623795052dad116ce2e2e2650e3868e9d11174d15cfe7bdab396bfd
CIFAR-100,resnet18,43,High-saliency cutout,cam_high,8.0,0.2,100,100,True,True,valid,True,0,,runs/cifar100/resnet18/43/0.2/resnet18_seed43_cam_high_M8_area0.2,runs/cifar100/resnet18/43/0.2/resnet18_seed43_cam_high_M8_area0.2/config.json,runs/cifar100/resnet18/43/0.2/resnet18_seed43_cam_high_M8_area0.2/metrics.csv,0ad666713379d849982e319bd7ccd7c61215ce13d1e7724254a8f95b05596f52,6ba5f24b2b2f277812685a86438c62e3eae0baec2e4f20675b865bcf6d408f11
CIFAR-100,resnet18,43,High-saliency cutout,cam_high,8.0,0.3,100,100,True,True,valid,True,0,,runs/cifar100/resnet18/43/0.3/resnet18_seed43_cam_high_M8_area0.3,runs/cifar100/resnet18/43/0.3/resnet18_seed43_cam_high_M8_area0.3/config.json,runs/cifar100/resnet18/43/0.3/resnet18_seed43_cam_high_M8_area0.3/metrics.csv,eb3e9f4b7ab96e26ef32524a4e9400a570f77386aa3d08115d09d5de6fa7ee9e,75336d95678f5e13711d7c0692da30e2be2eb1f37457753bb1ad1c96414fc8de
CIFAR-100,resnet18,43,Low-saliency cutout,cam_low,4.0,0.05,100,100,True,True,valid,True,0,,runs/cifar100/resnet18/43/0.05/resnet18_seed43_cam_low_M4_area0.05,runs/cifar100/resnet18/43/0.05/resnet18_seed43_cam_low_M4_area0.05/config.json,runs/cifar100/resnet18/43/0.05/resnet18_seed43_cam_low_M4_area0.05/metrics.csv,b85dabacc7ebeb87db90bafb5a1cd7be835dc863e030ad61b307427bc64a5af2,da2e87c0ea973a36724b2564d5d4a140cdb007ef67108736bfc6d8e31e92ad2f
CIFAR-100,resnet18,43,Low-saliency cutout,cam_low,4.0,0.1,100,100,True,True,valid,True,0,,runs/cifar100/resnet18/43/0.1/resnet18_seed43_cam_low_M4_area0.1,runs/cifar100/resnet18/43/0.1/resnet18_seed43_cam_low_M4_area0.1/config.json,runs/cifar100/resnet18/43/0.1/resnet18_seed43_cam_low_M4_area0.1/metrics.csv,5130f3389eadda85244a5f7f5463ff5ee6f68e6c8003fdb83897de181e5e86c7,ac8c44668292129025bd01ff343342daa447dd94d57bd91005b94bcbe0d74ae0
CIFAR-100,resnet18,43,Low-saliency cutout,cam_low,4.0,0.2,100,100,True,True,valid,True,0,,runs/cifar100/resnet18/43/0.2/resnet18_seed43_cam_low_M4_area0.2,runs/cifar100/resnet18/43/0.2/resnet18_seed43_cam_low_M4_area0.2/config.json,runs/cifar100/resnet18/43/0.2/resnet18_seed43_cam_low_M4_area0.2/metrics.csv,21f02aec35b7de8fd95f82808320e6fcac0a6d89e30b76b213b7df2518d3d459,fc95b4caa5cfa842f9c03a146a36d014f9d29a0d4b8afde7206f24e24819af1e
CIFAR-100,resnet18,43,Low-saliency cutout,cam_low,4.0,0.3,100,100,True,True,valid,True,0,,runs/cifar100/resnet18/43/0.3/resnet18_seed43_cam_low_M4_area0.3,runs/cifar100/resnet18/43/0.3/resnet18_seed43_cam_low_M4_area0.3/config.json,runs/cifar100/resnet18/43/0.3/resnet18_seed43_cam_low_M4_area0.3/metrics.csv,2587c283b4a92d48e72fa645c865fcc9a2be329caf2d7d8f42de2951e1d446e8,a8153f09e0a73684ef17a39bd544dcc41e3f5e24089efd932c3b3e188f0e1d2d
CIFAR-100,resnet18,43,Low-saliency cutout,cam_low,8.0,0.05,100,100,True,True,valid,True,0,,runs/cifar100/resnet18/43/0.05/resnet18_seed43_cam_low_M8_area0.05,runs/cifar100/resnet18/43/0.05/resnet18_seed43_cam_low_M8_area0.05/config.json,runs/cifar100/resnet18/43/0.05/resnet18_seed43_cam_low_M8_area0.05/metrics.csv,6d55dd6f1af2fa4264b0f79a28fa454167b121e86a62ce56021a14bbf08a9c25,a217453afd9a6ef56af7c362125d7f42eb8e47c1a372350b6234d8add4545a97
CIFAR-100,resnet18,43,Low-saliency cutout,cam_low,8.0,0.1,100,100,True,True,valid,True,0,,runs/cifar100/resnet18/43/0.1/resnet18_seed43_cam_low_M8_area0.1,runs/cifar100/resnet18/43/0.1/resnet18_seed43_cam_low_M8_area0.1/config.json,runs/cifar100/resnet18/43/0.1/resnet18_seed43_cam_low_M8_area0.1/metrics.csv,6ccb13133232db545dc1b8621d6e0299fa6ad5508e2f411c846d0ba27ca314b3,2a5160427274198e4ef62558b8e87ebc62288ae1b0fa6efab7276b0515ebfd72
CIFAR-100,resnet18,43,Low-saliency cutout,cam_low,8.0,0.2,100,100,True,True,valid,True,0,,runs/cifar100/resnet18/43/0.2/resnet18_seed43_cam_low_M8_area0.2,runs/cifar100/resnet18/43/0.2/resnet18_seed43_cam_low_M8_area0.2/config.json,runs/cifar100/resnet18/43/0.2/resnet18_seed43_cam_low_M8_area0.2/metrics.csv,746506115fcddbd0753f117c7a2abc6f51c3e735c51c5f4768bb10b75d5cf47c,f0140f547be60d8dfa206a549b51ecc83bfa3c579b183f359b86a038f3a8775c
CIFAR-100,resnet18,43,Low-saliency cutout,cam_low,8.0,0.3,100,100,True,True,valid,True,0,,runs/cifar100/resnet18/43/0.3/resnet18_seed43_cam_low_M8_area0.3,runs/cifar100/resnet18/43/0.3/resnet18_seed43_cam_low_M8_area0.3/config.json,runs/cifar100/resnet18/43/0.3/resnet18_seed43_cam_low_M8_area0.3/metrics.csv,d2a84d45a2b0f1d4631086f04e76e821f15dd0b003c59f18646f31b8db544923,ff31a4ae1888f3ac5889521ed6fee249da28afcf795f3df237521492dba91d9b
CIFAR-100,resnet18,43,Random cutout,random,4.0,0.05,100,100,True,True,valid,True,0,,runs/cifar100/resnet18/43/0.05/resnet18_seed43_random_M4_area0.05,runs/cifar100/resnet18/43/0.05/resnet18_seed43_random_M4_area0.05/config.json,runs/cifar100/resnet18/43/0.05/resnet18_seed43_random_M4_area0.05/metrics.csv,1cf4d4904072760e1531863d50b07afdfdd9eeccd6219756af340fa4d2ae618f,aa0f942a638e3b928485d822bd1999dd26fef3546facdfffa800414e230bf36c
CIFAR-100,resnet18,43,Random cutout,random,4.0,0.1,100,100,True,True,valid,True,0,,runs/cifar100/resnet18/43/0.1/resnet18_seed43_random_M4_area0.1,runs/cifar100/resnet18/43/0.1/resnet18_seed43_random_M4_area0.1/config.json,runs/cifar100/resnet18/43/0.1/resnet18_seed43_random_M4_area0.1/metrics.csv,e7f7ca90a4661854d0421f36bb027a6a29743bb137dd7a37b45731f6e968a642,6ccae69505ffff2a10bedc89bae69bb85f5f7c02ac68154beaf4978811ece562
CIFAR-100,resnet18,43,Random cutout,random,4.0,0.2,100,100,True,True,valid,True,0,,runs/cifar100/resnet18/43/0.2/resnet18_seed43_random_M4_area0.2,runs/cifar100/resnet18/43/0.2/resnet18_seed43_random_M4_area0.2/config.json,runs/cifar100/resnet18/43/0.2/resnet18_seed43_random_M4_area0.2/metrics.csv,ec75e6a521c08d8296e05fbc0046d99733f0f727c0e1722713c9df15568f6223,61579674b2bc6cf095cea97269d140f2593c6c29777b3f67d669416b961a0e2d
CIFAR-100,resnet18,43,Random cutout,random,4.0,0.3,100,100,True,True,valid,True,0,,runs/cifar100/resnet18/43/0.3/resnet18_seed43_random_M4_area0.3,runs/cifar100/resnet18/43/0.3/resnet18_seed43_random_M4_area0.3/config.json,runs/cifar100/resnet18/43/0.3/resnet18_seed43_random_M4_area0.3/metrics.csv,77c844e9e358393b5b7ea458f651919d0dccf6f12363f2b3095b30a10123e63e,7bd331949d5cec2125af7d714da660a2aae8fbb40d8cab059cb7a8f65ea4ca6a
CIFAR-100,resnet18,43,Random cutout,random,8.0,0.05,100,100,True,True,valid,True,0,,runs/cifar100/resnet18/43/0.05/resnet18_seed43_random_M8_area0.05,runs/cifar100/resnet18/43/0.05/resnet18_seed43_random_M8_area0.05/config.json,runs/cifar100/resnet18/43/0.05/resnet18_seed43_random_M8_area0.05/metrics.csv,4bf462e89d22a205fe24bb5ec422f693e8f52ca169825c53095c8105c73542a3,d31bbffad35549dcaeb4db8bebc66fe6e93a639a6b211e5bb7b4b95a464ec04e
CIFAR-100,resnet18,43,Random cutout,random,8.0,0.1,100,100,True,True,valid,True,0,,runs/cifar100/resnet18/43/0.1/resnet18_seed43_random_M8_area0.1,runs/cifar100/resnet18/43/0.1/resnet18_seed43_random_M8_area0.1/config.json,runs/cifar100/resnet18/43/0.1/resnet18_seed43_random_M8_area0.1/metrics.csv,3ded665e200e00ac6b82d3a603db2c363618ba26e29c47a7793afabcc4c895bb,d10dcdd1854813cb97d81bf116489c16fbb8f7f7e622de046489c0c740d771a4
CIFAR-100,resnet18,43,Random cutout,random,8.0,0.2,100,100,True,True,valid,True,0,,runs/cifar100/resnet18/43/0.2/resnet18_seed43_random_M8_area0.2,runs/cifar100/resnet18/43/0.2/resnet18_seed43_random_M8_area0.2/config.json,runs/cifar100/resnet18/43/0.2/resnet18_seed43_random_M8_area0.2/metrics.csv,81806c61f76354d46fa044b459844c4375621c55411a78c9137cb547df918851,58535c6394fb7194e137c0177188b1bb056a2b8d1c76ce777cd44cce84c6e646
CIFAR-100,resnet18,43,Random cutout,random,8.0,0.3,100,100,True,True,valid,True,0,,runs/cifar100/resnet18/43/0.3/resnet18_seed43_random_M8_area0.3,runs/cifar100/resnet18/43/0.3/resnet18_seed43_random_M8_area0.3/config.json,runs/cifar100/resnet18/43/0.3/resnet18_seed43_random_M8_area0.3/metrics.csv,6def87a2b16c25ae07b64f00b8fa3fb090e726f45a7dd65b4432e70094fc2a43,5c84870fc7b452970e6656114e1c508c081744df69a0618ecbdda1c13fa6fbd9
CIFAR-100,resnet18,43,No cutout,none,,,100,100,True,True,valid_selected_baseline,True,0,,runs/cifar100/resnet18/43/0.05/resnet18_seed43_none,runs/cifar100/resnet18/43/0.05/resnet18_seed43_none/config.json,runs/cifar100/resnet18/43/0.05/resnet18_seed43_none/metrics.csv,a733ddbb68e0fb0898cc73dabbefc2bd681c403ba199dbf27fe285de91d751cd,a1501c1094f00a5b94cb05eb39396197504819c2a23d759f2ea3c6b1839dedd2
CIFAR-100,resnet18,43,No cutout,none,,,100,100,True,True,duplicate_baseline_exact,False,1,deduplicated_exact_no_cutout_copy,runs/cifar100/resnet18/43/0.1/resnet18_seed43_none,runs/cifar100/resnet18/43/0.1/resnet18_seed43_none/config.json,runs/cifar100/resnet18/43/0.1/resnet18_seed43_none/metrics.csv,44cb658deabd668d36c57721fa204fb3c218e08f5eb55c9df234b921bd9fa4b2,a1501c1094f00a5b94cb05eb39396197504819c2a23d759f2ea3c6b1839dedd2
CIFAR-100,resnet18,43,No cutout,none,,,100,100,True,True,duplicate_baseline_exact,False,1,deduplicated_exact_no_cutout_copy,runs/cifar100/resnet18/43/0.2/resnet18_seed43_none,runs/cifar100/resnet18/43/0.2/resnet18_seed43_none/config.json,runs/cifar100/resnet18/43/0.2/resnet18_seed43_none/metrics.csv,e5851a727601e37dc0a9b873b128e52abacb5683bb25e2ad88cd99b2cfdc0d05,a1501c1094f00a5b94cb05eb39396197504819c2a23d759f2ea3c6b1839dedd2
CIFAR-100,resnet18,43,No cutout,none,,,100,100,True,True,duplicate_baseline_exact,False,1,deduplicated_exact_no_cutout_copy,runs/cifar100/resnet18/43/0.3/resnet18_seed43_none,runs/cifar100/resnet18/43/0.3/resnet18_seed43_none/config.json,runs/cifar100/resnet18/43/0.3/resnet18_seed43_none/metrics.csv,e5851a727601e37dc0a9b873b128e52abacb5683bb25e2ad88cd99b2cfdc0d05,a1501c1094f00a5b94cb05eb39396197504819c2a23d759f2ea3c6b1839dedd2
CIFAR-100,resnet18,44,High-saliency cutout,cam_high,4.0,0.05,100,100,True,True,valid,True,0,,runs/cifar100/resnet18/44/0.05/resnet18_seed44_cam_high_M4_area0.05,runs/cifar100/resnet18/44/0.05/resnet18_seed44_cam_high_M4_area0.05/config.json,runs/cifar100/resnet18/44/0.05/resnet18_seed44_cam_high_M4_area0.05/metrics.csv,388b37fdd2f1cd3dce1a25cccc5dd139a5a0d84aac1b9a149dff976356d8afe0,0cee78bb8132843b5320c49cb10af6004d8744dc9a3d45015894b9d8ecc546e8
CIFAR-100,resnet18,44,High-saliency cutout,cam_high,4.0,0.1,100,100,True,True,valid,True,0,,runs/cifar100/resnet18/44/0.1/resnet18_seed44_cam_high_M4_area0.1,runs/cifar100/resnet18/44/0.1/resnet18_seed44_cam_high_M4_area0.1/config.json,runs/cifar100/resnet18/44/0.1/resnet18_seed44_cam_high_M4_area0.1/metrics.csv,efc09c1dc19e4b62a81b6bd5dd9134b21478132851ca05a7036d2e4b35a5a901,fe57535a0f9e49973a58c826ab0d8387398aa0ff15bef5d4697f373bde2d846a
CIFAR-100,resnet18,44,High-saliency cutout,cam_high,4.0,0.2,100,100,True,True,valid,True,0,,runs/cifar100/resnet18/44/0.2/resnet18_seed44_cam_high_M4_area0.2,runs/cifar100/resnet18/44/0.2/resnet18_seed44_cam_high_M4_area0.2/config.json,runs/cifar100/resnet18/44/0.2/resnet18_seed44_cam_high_M4_area0.2/metrics.csv,2c181c031f160857cfc5f2fad5539aec76d3108823b1b950d2997a9f20a24113,8c7813176f74afe3e0a8d816d1e7dc81a6391e7f141f8166719279737acf2b99
CIFAR-100,resnet18,44,High-saliency cutout,cam_high,4.0,0.3,100,100,True,True,valid,True,0,,runs/cifar100/resnet18/44/0.3/resnet18_seed44_cam_high_M4_area0.3,runs/cifar100/resnet18/44/0.3/resnet18_seed44_cam_high_M4_area0.3/config.json,runs/cifar100/resnet18/44/0.3/resnet18_seed44_cam_high_M4_area0.3/metrics.csv,05098aedfdb4eec2d282b782c4199ed5e0e1e7ead78c136a3f82370ad8e2b9ea,6e9f70173f202be5987d6894fdd2a7927348f897a3b36db07550e30e9183f115
CIFAR-100,resnet18,44,High-saliency cutout,cam_high,8.0,0.05,100,100,True,True,valid,True,0,,runs/cifar100/resnet18/44/0.05/resnet18_seed44_cam_high_M8_area0.05,runs/cifar100/resnet18/44/0.05/resnet18_seed44_cam_high_M8_area0.05/config.json,runs/cifar100/resnet18/44/0.05/resnet18_seed44_cam_high_M8_area0.05/metrics.csv,fd441e2a4b659b6397d023890b09ed8b1acd208df035753fe8d6ba2e5a8c3717,8e6054b4d7999eaf730fcc3fa70235e4bf40920f6c1acfeb5fe2e7541ff27bb3
CIFAR-100,resnet18,44,High-saliency cutout,cam_high,8.0,0.1,100,100,True,True,valid,True,0,,runs/cifar100/resnet18/44/0.1/resnet18_seed44_cam_high_M8_area0.1,runs/cifar100/resnet18/44/0.1/resnet18_seed44_cam_high_M8_area0.1/config.json,runs/cifar100/resnet18/44/0.1/resnet18_seed44_cam_high_M8_area0.1/metrics.csv,79b44909d55a28e10012593cfe3165cd675f763cb54aa69c2117f9c02057d938,1abb8b9d408c3789117354ff12535441bf391c7f8eff32e7443d31b52140fc05
CIFAR-100,resnet18,44,High-saliency cutout,cam_high,8.0,0.2,100,100,True,True,valid,True,0,,runs/cifar100/resnet18/44/0.2/resnet18_seed44_cam_high_M8_area0.2,runs/cifar100/resnet18/44/0.2/resnet18_seed44_cam_high_M8_area0.2/config.json,runs/cifar100/resnet18/44/0.2/resnet18_seed44_cam_high_M8_area0.2/metrics.csv,0148ec28f660727b1e0b61d3701ef354b4d489fc0594a6a097175f51b1121f89,6e09cc1e786dac80ca02b6a83e8f71bd846870a44f48ae915da551ef7f0cd8e0
CIFAR-100,resnet18,44,High-saliency cutout,cam_high,8.0,0.3,100,100,True,True,valid,True,0,,runs/cifar100/resnet18/44/0.3/resnet18_seed44_cam_high_M8_area0.3,runs/cifar100/resnet18/44/0.3/resnet18_seed44_cam_high_M8_area0.3/config.json,runs/cifar100/resnet18/44/0.3/resnet18_seed44_cam_high_M8_area0.3/metrics.csv,22ad4e8b91b098e057e4cc0fa42d16d5852b8c977974725c9c238f4d8ae28587,6a0ee03919d9d7da3239bcdc5ff91c8a7dc53ec2c611ca6573beae20cd438bf6
CIFAR-100,resnet18,44,Low-saliency cutout,cam_low,4.0,0.05,100,100,True,True,valid,True,0,,runs/cifar100/resnet18/44/0.05/resnet18_seed44_cam_low_M4_area0.05,runs/cifar100/resnet18/44/0.05/resnet18_seed44_cam_low_M4_area0.05/config.json,runs/cifar100/resnet18/44/0.05/resnet18_seed44_cam_low_M4_area0.05/metrics.csv,754c067c70519ebc8e1cec86ed1abada6990f23ca489eb7c1812df26727aae42,a246f90e73bc9d4d30f3b23cba89e06ea36a12eb0a26a90859569d65fd8d5b10
CIFAR-100,resnet18,44,Low-saliency cutout,cam_low,4.0,0.1,100,100,True,True,valid,True,0,,runs/cifar100/resnet18/44/0.1/resnet18_seed44_cam_low_M4_area0.1,runs/cifar100/resnet18/44/0.1/resnet18_seed44_cam_low_M4_area0.1/config.json,runs/cifar100/resnet18/44/0.1/resnet18_seed44_cam_low_M4_area0.1/metrics.csv,f118c7cfa1494324bf8749014dd1709f91d2d7572cffd94863d260437edc0307,7a29efee556e124351b4bff1ef6cd87083005b3ade46c08232948eeb05c03918
CIFAR-100,resnet18,44,Low-saliency cutout,cam_low,4.0,0.2,100,100,True,True,valid,True,0,,runs/cifar100/resnet18/44/0.2/resnet18_seed44_cam_low_M4_area0.2,runs/cifar100/resnet18/44/0.2/resnet18_seed44_cam_low_M4_area0.2/config.json,runs/cifar100/resnet18/44/0.2/resnet18_seed44_cam_low_M4_area0.2/metrics.csv,8157ed78e7d859455236663392ca56e895925c2ae278728d178cac628a80cc13,7c4c6c952102ed6f2795ecd1a55977e651fa1f7d11d227c1b0da1a9bf408c6bb
CIFAR-100,resnet18,44,Low-saliency cutout,cam_low,4.0,0.3,100,100,True,True,valid,True,0,,runs/cifar100/resnet18/44/0.3/resnet18_seed44_cam_low_M4_area0.3,runs/cifar100/resnet18/44/0.3/resnet18_seed44_cam_low_M4_area0.3/config.json,runs/cifar100/resnet18/44/0.3/resnet18_seed44_cam_low_M4_area0.3/metrics.csv,21e14524dc558bfed988177b4f703f9d6b5886cb9a0267b63def3f6364e7b396,469f1caa92588080730773c21706bb0c70676129c03ffd6fe85625ddea7088b6
CIFAR-100,resnet18,44,Low-saliency cutout,cam_low,8.0,0.05,100,100,True,True,valid,True,0,,runs/cifar100/resnet18/44/0.05/resnet18_seed44_cam_low_M8_area0.05,runs/cifar100/resnet18/44/0.05/resnet18_seed44_cam_low_M8_area0.05/config.json,runs/cifar100/resnet18/44/0.05/resnet18_seed44_cam_low_M8_area0.05/metrics.csv,5398c0d80c3c6d7e4bd16cff3b6b5e3c4534dbbdba1444a4854cdbbd1585b7bf,019bfc719ac3dd87f9c054e563d626184c49318af8cc59ba41c2ac43beb46d19
CIFAR-100,resnet18,44,Low-saliency cutout,cam_low,8.0,0.1,100,100,True,True,valid,True,0,,runs/cifar100/resnet18/44/0.1/resnet18_seed44_cam_low_M8_area0.1,runs/cifar100/resnet18/44/0.1/resnet18_seed44_cam_low_M8_area0.1/config.json,runs/cifar100/resnet18/44/0.1/resnet18_seed44_cam_low_M8_area0.1/metrics.csv,9f713e25506459af2b56313ac878d5c2a8f226c96a648d46cde8a3c3b59efd1f,c017ffd068cf3166750590cd3c85e8570ac8e83d06acdec8d40ea98eaa488cb0
CIFAR-100,resnet18,44,Low-saliency cutout,cam_low,8.0,0.2,100,100,True,True,valid,True,0,,runs/cifar100/resnet18/44/0.2/resnet18_seed44_cam_low_M8_area0.2,runs/cifar100/resnet18/44/0.2/resnet18_seed44_cam_low_M8_area0.2/config.json,runs/cifar100/resnet18/44/0.2/resnet18_seed44_cam_low_M8_area0.2/metrics.csv,4c01cce26579cd4770e19b47ade3d53ce87272863932e95ef2f82f4bdf508efb,9b08c2eb1219b502ed8d4d5c213bcc79b7b4e5005c1450d4c1a5214f0844ea51
CIFAR-100,resnet18,44,Low-saliency cutout,cam_low,8.0,0.3,100,100,True,True,valid,True,0,,runs/cifar100/resnet18/44/0.3/resnet18_seed44_cam_low_M8_area0.3,runs/cifar100/resnet18/44/0.3/resnet18_seed44_cam_low_M8_area0.3/config.json,runs/cifar100/resnet18/44/0.3/resnet18_seed44_cam_low_M8_area0.3/metrics.csv,350f098582dacf0169fb11048e4199893bd8c0efd210d2e4ace5cfc23b8047af,d862534e9ae17129a77e580e56974055b6e1e94686b478d5d77af8e80d4fe31f
CIFAR-100,resnet18,44,Random cutout,random,4.0,0.05,100,100,True,True,valid,True,0,,runs/cifar100/resnet18/44/0.05/resnet18_seed44_random_M4_area0.05,runs/cifar100/resnet18/44/0.05/resnet18_seed44_random_M4_area0.05/config.json,runs/cifar100/resnet18/44/0.05/resnet18_seed44_random_M4_area0.05/metrics.csv,331a14be5fc42ed8c813ac33cab2db0f8c6d17005bbadec18f80f118c328947f,65bc3fea42c4220a6f1434c5f26166cb85a32eae40ab06c9f2be0ab8246b886f
CIFAR-100,resnet18,44,Random cutout,random,4.0,0.1,100,100,True,True,valid,True,0,,runs/cifar100/resnet18/44/0.1/resnet18_seed44_random_M4_area0.1,runs/cifar100/resnet18/44/0.1/resnet18_seed44_random_M4_area0.1/config.json,runs/cifar100/resnet18/44/0.1/resnet18_seed44_random_M4_area0.1/metrics.csv,c8b98e2d3b2031530cee51c739157b34e27dad71055f85b70e33204b22889310,e1cb888b724654308cf24262750861f6e82756ecaa0696a97e5a403c6ad234d3
CIFAR-100,resnet18,44,Random cutout,random,4.0,0.2,100,100,True,True,valid,True,0,,runs/cifar100/resnet18/44/0.2/resnet18_seed44_random_M4_area0.2,runs/cifar100/resnet18/44/0.2/resnet18_seed44_random_M4_area0.2/config.json,runs/cifar100/resnet18/44/0.2/resnet18_seed44_random_M4_area0.2/metrics.csv,a514adc87c4794508955dcd6076899e62a2d697ea8f3be882bbe7171d546af1d,e0a215f41f76d415ede0cddf1f9689e05d18101c3943198ba76a23acbecd8a71
CIFAR-100,resnet18,44,Random cutout,random,4.0,0.3,100,100,True,True,valid,True,0,,runs/cifar100/resnet18/44/0.3/resnet18_seed44_random_M4_area0.3,runs/cifar100/resnet18/44/0.3/resnet18_seed44_random_M4_area0.3/config.json,runs/cifar100/resnet18/44/0.3/resnet18_seed44_random_M4_area0.3/metrics.csv,2a069526ebe53e0396733a644bf6fd5e3a0777e8be28d146846bff6b76ffb8e2,4820be42d230ca6c6138c17be2690388310ccddc7f09a2c990228225e3f95257
CIFAR-100,resnet18,44,Random cutout,random,8.0,0.05,100,100,True,True,valid,True,0,,runs/cifar100/resnet18/44/0.05/resnet18_seed44_random_M8_area0.05,runs/cifar100/resnet18/44/0.05/resnet18_seed44_random_M8_area0.05/config.json,runs/cifar100/resnet18/44/0.05/resnet18_seed44_random_M8_area0.05/metrics.csv,86364e2ea35dcab47360e15e5b6fc584ef6f6853e116bc577a1c02f541b392ac,69aa584e683408ab304607d7dd2ecea833a24de8dca7cb5d0edbebb32be34653
CIFAR-100,resnet18,44,Random cutout,random,8.0,0.1,100,100,True,True,valid,True,0,,runs/cifar100/resnet18/44/0.1/resnet18_seed44_random_M8_area0.1,runs/cifar100/resnet18/44/0.1/resnet18_seed44_random_M8_area0.1/config.json,runs/cifar100/resnet18/44/0.1/resnet18_seed44_random_M8_area0.1/metrics.csv,c5de944446fd8f417efa5c984050adadee87ab8ebf597615b147b53c275306f5,43d4a13ef177af2b1610cbdb1f6012679932ad80ba0c5fc289949bf84d0299f2
CIFAR-100,resnet18,44,Random cutout,random,8.0,0.2,100,100,True,True,valid,True,0,,runs/cifar100/resnet18/44/0.2/resnet18_seed44_random_M8_area0.2,runs/cifar100/resnet18/44/0.2/resnet18_seed44_random_M8_area0.2/config.json,runs/cifar100/resnet18/44/0.2/resnet18_seed44_random_M8_area0.2/metrics.csv,18824ba5fc0b98b3780e1431242e706c219f8644e876e4eb756e81f5b758fe97,9b0a4f9afc5e556654da4da38822906a66694bc0e4577c5cd9dd1190369c4dc6
CIFAR-100,resnet18,44,Random cutout,random,8.0,0.3,100,100,True,True,valid,True,0,,runs/cifar100/resnet18/44/0.3/resnet18_seed44_random_M8_area0.3,runs/cifar100/resnet18/44/0.3/resnet18_seed44_random_M8_area0.3/config.json,runs/cifar100/resnet18/44/0.3/resnet18_seed44_random_M8_area0.3/metrics.csv,19eff94abf01669286e1269731c9b578fd3a1d2ffe8b2556b9426de969234394,db6fcbf0e953eba37160c43c8293a2349b833fa3754edf852f8a340005f353dc
CIFAR-100,resnet18,44,No cutout,none,,,100,100,True,True,valid_selected_baseline,True,1,selected_from_baseline_group_with_differences,runs/cifar100/resnet18/44/0.1/resnet18_seed44_none,runs/cifar100/resnet18/44/0.1/resnet18_seed44_none/config.json,runs/cifar100/resnet18/44/0.1/resnet18_seed44_none/metrics.csv,1e780d08563dbf0a135b4a6be5e09181ba76e9bc92cf827b510f03e43706ecb3,50b014ab9ba700d0d455b823531628e7288514fd93234a7c77a4f91f6cb6d52b
CIFAR-100,resnet18,44,No cutout,none,,,100,100,True,True,duplicate_baseline_exact,False,1,deduplicated_exact_no_cutout_copy,runs/cifar100/resnet18/44/0.2/resnet18_seed44_none,runs/cifar100/resnet18/44/0.2/resnet18_seed44_none/config.json,runs/cifar100/resnet18/44/0.2/resnet18_seed44_none/metrics.csv,1e780d08563dbf0a135b4a6be5e09181ba76e9bc92cf827b510f03e43706ecb3,50b014ab9ba700d0d455b823531628e7288514fd93234a7c77a4f91f6cb6d52b
CIFAR-100,resnet18,44,No cutout,none,,,100,100,True,True,duplicate_baseline_exact,False,1,deduplicated_exact_no_cutout_copy,runs/cifar100/resnet18/44/0.3/resnet18_seed44_none,runs/cifar100/resnet18/44/0.3/resnet18_seed44_none/config.json,runs/cifar100/resnet18/44/0.3/resnet18_seed44_none/metrics.csv,916f5a4a8ea1ea08387e8cbc3f507cfe8b84679ab9306f2b469a9cbe19fe8bff,50b014ab9ba700d0d455b823531628e7288514fd93234a7c77a4f91f6cb6d52b
CIFAR-100,resnet18,44,No cutout,none,,,100,100,True,True,duplicate_baseline_inconsistent,False,1,excluded_no_cutout_copy_differs_from_selected,runs/cifar100/resnet18/44/0.05/resnet18_seed44_none,runs/cifar100/resnet18/44/0.05/resnet18_seed44_none/config.json,runs/cifar100/resnet18/44/0.05/resnet18_seed44_none/metrics.csv,8ac27ec04d3910e8cbac96fe5a1a5459af06080f2dc0b31b47c3bae3d42d2549,f6037d56a393c9406541d19d873263e602e5a33976a6808d7d4d69d1ba97d5e0
RawMal-TF,resnet18,42,High-saliency cutout,cam_high,4.0,0.05,100,100,True,True,valid,True,0,,runs/drive_zip/resnet18/42/0.05/resnet18_seed42_cam_high_M4_area0.05,runs/drive_zip/resnet18/42/0.05/resnet18_seed42_cam_high_M4_area0.05/config.json,runs/drive_zip/resnet18/42/0.05/resnet18_seed42_cam_high_M4_area0.05/metrics.csv,1af6c8c7151603102874c1fae3bcacf3d38e745d872153bd9870bfd396ac6966,712b1fefe5bc3aaaf9cf9b7d50f53542a1799c8a21ea2883eaca643745dc3fe9
RawMal-TF,resnet18,42,High-saliency cutout,cam_high,4.0,0.1,100,100,True,True,valid,True,0,,runs/drive_zip/resnet18/42/0.1/resnet18_seed42_cam_high_M4_area0.1,runs/drive_zip/resnet18/42/0.1/resnet18_seed42_cam_high_M4_area0.1/config.json,runs/drive_zip/resnet18/42/0.1/resnet18_seed42_cam_high_M4_area0.1/metrics.csv,b8cb696d75c08d9cecc8e9e9ae3b9dc0135731cafc54643f866f2580e05feb5e,953d0e59a8c6941a328369e3d5e5c753cb024b82e9233ad8a0495d811aff300e
RawMal-TF,resnet18,42,High-saliency cutout,cam_high,4.0,0.2,100,100,True,True,valid,True,0,,runs/drive_zip/resnet18/42/0.2/resnet18_seed42_cam_high_M4_area0.2,runs/drive_zip/resnet18/42/0.2/resnet18_seed42_cam_high_M4_area0.2/config.json,runs/drive_zip/resnet18/42/0.2/resnet18_seed42_cam_high_M4_area0.2/metrics.csv,120974a1797715942896eb474d46ed167ce4f567063fc59e5057285b4bf90513,8e31ab3ade5784cdfb1f138e48a62ff8452c74064460508b753634c89ec14364
RawMal-TF,resnet18,42,High-saliency cutout,cam_high,4.0,0.3,100,100,True,True,valid,True,0,,runs/drive_zip/resnet18/42/0.3/resnet18_seed42_cam_high_M4_area0.3,runs/drive_zip/resnet18/42/0.3/resnet18_seed42_cam_high_M4_area0.3/config.json,runs/drive_zip/resnet18/42/0.3/resnet18_seed42_cam_high_M4_area0.3/metrics.csv,985c09da50282ed90ab2a65f67fdbf1c354b1dd7e12909024d02a37af4e1a1c5,2be25cae9a6f2d5fb23bf9fb8218c7f7cac82754834f4c65a28f632571e2a185
RawMal-TF,resnet18,42,High-saliency cutout,cam_high,8.0,0.05,100,100,True,True,valid,True,0,,runs/drive_zip/resnet18/42/0.05/resnet18_seed42_cam_high_M8_area0.05,runs/drive_zip/resnet18/42/0.05/resnet18_seed42_cam_high_M8_area0.05/config.json,runs/drive_zip/resnet18/42/0.05/resnet18_seed42_cam_high_M8_area0.05/metrics.csv,66cd56132698a8e54162eb70935a2a7b21cdcab72e3959c6aea9f20c655f85ea,0d477bddee1ccdb9f6645e5b8093e520f7ebf1885c863859219c82a9b74baa19
RawMal-TF,resnet18,42,High-saliency cutout,cam_high,8.0,0.1,100,100,True,True,valid,True,0,,runs/drive_zip/resnet18/42/0.1/resnet18_seed42_cam_high_M8_area0.1,runs/drive_zip/resnet18/42/0.1/resnet18_seed42_cam_high_M8_area0.1/config.json,runs/drive_zip/resnet18/42/0.1/resnet18_seed42_cam_high_M8_area0.1/metrics.csv,14f881f43b8d421a08365d12548f430ccfab35d64e09f84fb40b16a06905d85c,bf704adec77c38f6a70b44a17c76c58f81b89cce2e210c89ae54a731be71e4de
RawMal-TF,resnet18,42,High-saliency cutout,cam_high,8.0,0.2,100,100,True,True,valid,True,0,,runs/drive_zip/resnet18/42/0.2/resnet18_seed42_cam_high_M8_area0.2,runs/drive_zip/resnet18/42/0.2/resnet18_seed42_cam_high_M8_area0.2/config.json,runs/drive_zip/resnet18/42/0.2/resnet18_seed42_cam_high_M8_area0.2/metrics.csv,c2157dc236b95eec15fc7d553d4f168b5469473f547aebcd3fae3f8b52f5f217,c5afe4f2c7ec7c5cbb3cb146e0ace184e0160378d2de5e54d525b49573b046d1
RawMal-TF,resnet18,42,High-saliency cutout,cam_high,8.0,0.3,100,100,True,True,valid,True,0,,runs/drive_zip/resnet18/42/0.3/resnet18_seed42_cam_high_M8_area0.3,runs/drive_zip/resnet18/42/0.3/resnet18_seed42_cam_high_M8_area0.3/config.json,runs/drive_zip/resnet18/42/0.3/resnet18_seed42_cam_high_M8_area0.3/metrics.csv,cc124623a6c39c9de625eec57d43ebea46af1c91646ef797a209d809c4b0bbbb,65c5e00e5ec5b5c8cb7473f0ccf2a6aca1573bddca4c58f352e3fb31054bf3f4
RawMal-TF,resnet18,42,Low-saliency cutout,cam_low,4.0,0.05,100,100,True,True,valid,True,0,,runs/drive_zip/resnet18/42/0.05/resnet18_seed42_cam_low_M4_area0.05,runs/drive_zip/resnet18/42/0.05/resnet18_seed42_cam_low_M4_area0.05/config.json,runs/drive_zip/resnet18/42/0.05/resnet18_seed42_cam_low_M4_area0.05/metrics.csv,6db5ec1b91aafc6ab6f6d89ac85f8207638fab95fa82fb256c7d5ffb044e1434,8deeef2fad93c50b9ca14e0ee1847a1e1644ab77a143a8748fe26fbce185d0e4
RawMal-TF,resnet18,42,Low-saliency cutout,cam_low,4.0,0.1,100,100,True,True,valid,True,0,,runs/drive_zip/resnet18/42/0.1/resnet18_seed42_cam_low_M4_area0.1,runs/drive_zip/resnet18/42/0.1/resnet18_seed42_cam_low_M4_area0.1/config.json,runs/drive_zip/resnet18/42/0.1/resnet18_seed42_cam_low_M4_area0.1/metrics.csv,9ed48db53e290d6fb98da1b0cd4dfd1794b3d82abcbe7d144a9403a4f9d2852e,1bdd15f05ce622989c0348bcc451bf27c35200a7300777fb2ca5759965462a3c
RawMal-TF,resnet18,42,Low-saliency cutout,cam_low,4.0,0.2,100,100,True,True,valid,True,0,,runs/drive_zip/resnet18/42/0.2/resnet18_seed42_cam_low_M4_area0.2,runs/drive_zip/resnet18/42/0.2/resnet18_seed42_cam_low_M4_area0.2/config.json,runs/drive_zip/resnet18/42/0.2/resnet18_seed42_cam_low_M4_area0.2/metrics.csv,db16c5aeb16b6fc5726e31afb583e0c3527d4f7159a82e332c3fbd3d7554ed80,a26d8613a1589d6daffffd05ce8cc5503b0009a5d159d30a07a126f5752310cb
RawMal-TF,resnet18,42,Low-saliency cutout,cam_low,4.0,0.3,100,100,True,True,valid,True,0,,runs/drive_zip/resnet18/42/0.3/resnet18_seed42_cam_low_M4_area0.3,runs/drive_zip/resnet18/42/0.3/resnet18_seed42_cam_low_M4_area0.3/config.json,runs/drive_zip/resnet18/42/0.3/resnet18_seed42_cam_low_M4_area0.3/metrics.csv,29e70ea3bcc9ff823b3523da22dc63821430c05e86f66818e41979189debdde0,7db6a9bca88f3dab5548b89478a422c8551458bf3d249eb12168c0bcde07dbd2
RawMal-TF,resnet18,42,Low-saliency cutout,cam_low,8.0,0.05,100,100,True,True,valid,True,0,,runs/drive_zip/resnet18/42/0.05/resnet18_seed42_cam_low_M8_area0.05,runs/drive_zip/resnet18/42/0.05/resnet18_seed42_cam_low_M8_area0.05/config.json,runs/drive_zip/resnet18/42/0.05/resnet18_seed42_cam_low_M8_area0.05/metrics.csv,cb75b6aa07faf47f51f3f68ef77e4f108c4b8e59423d6bf0c3ee3df46a9c4e32,4fa37d4ce4ac3207bdeb196899a90455f415f614184112480fbd1005dc6315d1
RawMal-TF,resnet18,42,Low-saliency cutout,cam_low,8.0,0.1,100,100,True,True,valid,True,0,,runs/drive_zip/resnet18/42/0.1/resnet18_seed42_cam_low_M8_area0.1,runs/drive_zip/resnet18/42/0.1/resnet18_seed42_cam_low_M8_area0.1/config.json,runs/drive_zip/resnet18/42/0.1/resnet18_seed42_cam_low_M8_area0.1/metrics.csv,5bebc7fed0084bbeb8c5f4fe8274343ef8c0b18bfccbcfb9d73758942d1b05aa,af410e9350326e273ffaac9e9c0bd594d9428c2a1b7e6080e0429e6c9b774e5b
RawMal-TF,resnet18,42,Low-saliency cutout,cam_low,8.0,0.2,100,100,True,True,valid,True,0,,runs/drive_zip/resnet18/42/0.2/resnet18_seed42_cam_low_M8_area0.2,runs/drive_zip/resnet18/42/0.2/resnet18_seed42_cam_low_M8_area0.2/config.json,runs/drive_zip/resnet18/42/0.2/resnet18_seed42_cam_low_M8_area0.2/metrics.csv,9349726042595d3c498a270efcc0b61e825303736e0bcb476050c548b21a1367,7e8d339c88c506f18b9227a16187a30e7a7242f4fdee53cf398b26ba04eb2ce2
RawMal-TF,resnet18,42,Low-saliency cutout,cam_low,8.0,0.3,100,100,True,True,valid,True,0,,runs/drive_zip/resnet18/42/0.3/resnet18_seed42_cam_low_M8_area0.3,runs/drive_zip/resnet18/42/0.3/resnet18_seed42_cam_low_M8_area0.3/config.json,runs/drive_zip/resnet18/42/0.3/resnet18_seed42_cam_low_M8_area0.3/metrics.csv,190311acd7b24488bc089caeb7747afe91bb4ddc86be95795927db7a54c65a25,517dee51abf231185976d79bc8b92c85a137e9abbbee6f5feb33945402708a73
RawMal-TF,resnet18,42,Random cutout,random,4.0,0.05,100,100,True,True,valid,True,0,,runs/drive_zip/resnet18/42/0.05/resnet18_seed42_random_M4_area0.05,runs/drive_zip/resnet18/42/0.05/resnet18_seed42_random_M4_area0.05/config.json,runs/drive_zip/resnet18/42/0.05/resnet18_seed42_random_M4_area0.05/metrics.csv,1c4d4dfc8401039d3afb9e9192666fb2933d15a2b26fccbd5f5fa1e4bda89ce2,46d3e888a59c6d7111a09c237dcde4f51ae329cd829cc3a90fc7a7695d9bfaf7
RawMal-TF,resnet18,42,Random cutout,random,4.0,0.1,100,100,True,True,valid,True,0,,runs/drive_zip/resnet18/42/0.1/resnet18_seed42_random_M4_area0.1,runs/drive_zip/resnet18/42/0.1/resnet18_seed42_random_M4_area0.1/config.json,runs/drive_zip/resnet18/42/0.1/resnet18_seed42_random_M4_area0.1/metrics.csv,8a811eadab0d3ba7606e2fd9e035202b7e8c7e71c012e26d297fe43533ba69c6,c3880a96ee86c4ec63957da5aea72a810014d4015fce6dca4c9c32e16933d7a8
RawMal-TF,resnet18,42,Random cutout,random,4.0,0.2,100,100,True,True,valid,True,0,,runs/drive_zip/resnet18/42/0.2/resnet18_seed42_random_M4_area0.2,runs/drive_zip/resnet18/42/0.2/resnet18_seed42_random_M4_area0.2/config.json,runs/drive_zip/resnet18/42/0.2/resnet18_seed42_random_M4_area0.2/metrics.csv,3a3b504f3c8a4b4316b0435732e13d0f26895ad2e761c803665e5a73373816d0,fc1aa165f37e39e909633d2fcd9fabe5579ec8c94e5e1229c219eae5c3e97886
RawMal-TF,resnet18,42,Random cutout,random,4.0,0.3,100,100,True,True,valid,True,0,,runs/drive_zip/resnet18/42/0.3/resnet18_seed42_random_M4_area0.3,runs/drive_zip/resnet18/42/0.3/resnet18_seed42_random_M4_area0.3/config.json,runs/drive_zip/resnet18/42/0.3/resnet18_seed42_random_M4_area0.3/metrics.csv,bba088f2ae2b7beafab17d6275b2d2293677fea5a95ce4e83033403a41e19bf1,1d076fb91b8d21f68c8138956bfe41bbb2c52f72418782c5177d43293aa5142e
RawMal-TF,resnet18,42,Random cutout,random,8.0,0.05,100,100,True,True,valid,True,0,,runs/drive_zip/resnet18/42/0.05/resnet18_seed42_random_M8_area0.05,runs/drive_zip/resnet18/42/0.05/resnet18_seed42_random_M8_area0.05/config.json,runs/drive_zip/resnet18/42/0.05/resnet18_seed42_random_M8_area0.05/metrics.csv,457a335b0618770de884534d6208ce455ebc53d773df10b8ff6ea4cfd3b38bc7,5ac3236a0a1b319fd5b60a4a11f8803e7233365c2f0f2b3b4eb6c918a7b5a70b
RawMal-TF,resnet18,42,Random cutout,random,8.0,0.1,100,100,True,True,valid,True,0,,runs/drive_zip/resnet18/42/0.1/resnet18_seed42_random_M8_area0.1,runs/drive_zip/resnet18/42/0.1/resnet18_seed42_random_M8_area0.1/config.json,runs/drive_zip/resnet18/42/0.1/resnet18_seed42_random_M8_area0.1/metrics.csv,848d1939b1b719ee44ae0a579a6a5bad3acf53d4ef1522e9c5a8e75f8ec854f6,565037a11bb3bf10b3cfc8a6738f1422d897a685b65db5f56fcbeb3d351ba561
RawMal-TF,resnet18,42,Random cutout,random,8.0,0.2,100,100,True,True,valid,True,0,,runs/drive_zip/resnet18/42/0.2/resnet18_seed42_random_M8_area0.2,runs/drive_zip/resnet18/42/0.2/resnet18_seed42_random_M8_area0.2/config.json,runs/drive_zip/resnet18/42/0.2/resnet18_seed42_random_M8_area0.2/metrics.csv,07877703f60d4ca3902f42649a131d147daf98bdb2ee9cf7db566b9dd986db65,427f9051e66dd6acec9c8b979c8ad498bd96cc0ecee8bccbcba141bbc1079e91
RawMal-TF,resnet18,42,Random cutout,random,8.0,0.3,100,100,True,True,valid,True,0,,runs/drive_zip/resnet18/42/0.3/resnet18_seed42_random_M8_area0.3,runs/drive_zip/resnet18/42/0.3/resnet18_seed42_random_M8_area0.3/config.json,runs/drive_zip/resnet18/42/0.3/resnet18_seed42_random_M8_area0.3/metrics.csv,30dee6f9c134d63329c9686cd82de9bd560c0facebb2f640ffb884ec39747c27,d910d62dfc6ea0b50e7e056411b395590f5285414ed987affe596c1ada59d7ac
RawMal-TF,resnet18,42,No cutout,none,,,100,100,True,True,valid_selected_baseline,True,0,,runs/drive_zip/resnet18/42/0.05/resnet18_seed42_none,runs/drive_zip/resnet18/42/0.05/resnet18_seed42_none/config.json,runs/drive_zip/resnet18/42/0.05/resnet18_seed42_none/metrics.csv,14d005e34da566075ea86d5a8cbbfe254ad9d4bc131014482b35c5de1739f4b6,af12b86b0c9675127129392e377d63069e7d3d6be1b7084ba47ed348774a95d4
RawMal-TF,resnet18,42,No cutout,none,,,100,100,True,True,duplicate_baseline_exact,False,1,deduplicated_exact_no_cutout_copy,runs/drive_zip/resnet18/42/0.1/resnet18_seed42_none,runs/drive_zip/resnet18/42/0.1/resnet18_seed42_none/config.json,runs/drive_zip/resnet18/42/0.1/resnet18_seed42_none/metrics.csv,14d005e34da566075ea86d5a8cbbfe254ad9d4bc131014482b35c5de1739f4b6,af12b86b0c9675127129392e377d63069e7d3d6be1b7084ba47ed348774a95d4
RawMal-TF,resnet18,42,No cutout,none,,,100,100,True,True,duplicate_baseline_exact,False,1,deduplicated_exact_no_cutout_copy,runs/drive_zip/resnet18/42/0.2/resnet18_seed42_none,runs/drive_zip/resnet18/42/0.2/resnet18_seed42_none/config.json,runs/drive_zip/resnet18/42/0.2/resnet18_seed42_none/metrics.csv,14d005e34da566075ea86d5a8cbbfe254ad9d4bc131014482b35c5de1739f4b6,af12b86b0c9675127129392e377d63069e7d3d6be1b7084ba47ed348774a95d4
RawMal-TF,resnet18,42,No cutout,none,,,100,100,True,True,duplicate_baseline_exact,False,1,deduplicated_exact_no_cutout_copy,runs/drive_zip/resnet18/42/0.3/resnet18_seed42_none,runs/drive_zip/resnet18/42/0.3/resnet18_seed42_none/config.json,runs/drive_zip/resnet18/42/0.3/resnet18_seed42_none/metrics.csv,14d005e34da566075ea86d5a8cbbfe254ad9d4bc131014482b35c5de1739f4b6,af12b86b0c9675127129392e377d63069e7d3d6be1b7084ba47ed348774a95d4
RawMal-TF,resnet18,43,High-saliency cutout,cam_high,4.0,0.05,100,100,True,True,valid,True,0,,runs/drive_zip/resnet18/43/0.05/resnet18_seed43_cam_high_M4_area0.05,runs/drive_zip/resnet18/43/0.05/resnet18_seed43_cam_high_M4_area0.05/config.json,runs/drive_zip/resnet18/43/0.05/resnet18_seed43_cam_high_M4_area0.05/metrics.csv,930f5a49a9609a8307b6b5424a9990c0e94c4c3e9faac0df5d710e0f130b3bc3,4540054f57a7601487367ccb98ac3e6ccd3d7f48a6008c5b022c8b8c62287372
RawMal-TF,resnet18,43,High-saliency cutout,cam_high,4.0,0.1,100,100,True,True,valid,True,0,,runs/drive_zip/resnet18/43/0.1/resnet18_seed43_cam_high_M4_area0.1,runs/drive_zip/resnet18/43/0.1/resnet18_seed43_cam_high_M4_area0.1/config.json,runs/drive_zip/resnet18/43/0.1/resnet18_seed43_cam_high_M4_area0.1/metrics.csv,0823c443338428c95f25a4aacb6b36ddd397242def641636d04cd905a1b91416,aea9501dd9dbc2163b60d3d3ca6136e0cd6ccb39a538604c3ab0a72644530aef
RawMal-TF,resnet18,43,High-saliency cutout,cam_high,4.0,0.2,100,100,True,True,valid,True,0,,runs/drive_zip/resnet18/43/0.2/resnet18_seed43_cam_high_M4_area0.2,runs/drive_zip/resnet18/43/0.2/resnet18_seed43_cam_high_M4_area0.2/config.json,runs/drive_zip/resnet18/43/0.2/resnet18_seed43_cam_high_M4_area0.2/metrics.csv,a292df1eae923e51a52b380e6f7b899f2d29ef11aa7c0748bbd84087f300043a,d82b42ff7c9e75d2bde8a7a6160c65f2bb6636563a5bd08aed7aed9b4cb95e08
RawMal-TF,resnet18,43,High-saliency cutout,cam_high,4.0,0.3,100,100,True,True,valid,True,0,,runs/drive_zip/resnet18/43/0.3/resnet18_seed43_cam_high_M4_area0.3,runs/drive_zip/resnet18/43/0.3/resnet18_seed43_cam_high_M4_area0.3/config.json,runs/drive_zip/resnet18/43/0.3/resnet18_seed43_cam_high_M4_area0.3/metrics.csv,8d8102073294ae20470d888f40092952a13898dce2e855870b27f44fdbee50ee,9e33bd9fc1642887d6e07e0ab97906c3c4a9668f6c6e7034ce55d882de2fcb76
RawMal-TF,resnet18,43,High-saliency cutout,cam_high,8.0,0.05,100,100,True,True,valid,True,0,,runs/drive_zip/resnet18/43/0.05/resnet18_seed43_cam_high_M8_area0.05,runs/drive_zip/resnet18/43/0.05/resnet18_seed43_cam_high_M8_area0.05/config.json,runs/drive_zip/resnet18/43/0.05/resnet18_seed43_cam_high_M8_area0.05/metrics.csv,db661ab4c8a7578fbc05359f377f1c545fb12797affcee45c01500f5aee8ba67,d3432e397d3d1503b5b117996f349c7897425becdb519dba646d28921e541684
RawMal-TF,resnet18,43,High-saliency cutout,cam_high,8.0,0.1,100,100,True,True,valid,True,0,,runs/drive_zip/resnet18/43/0.1/resnet18_seed43_cam_high_M8_area0.1,runs/drive_zip/resnet18/43/0.1/resnet18_seed43_cam_high_M8_area0.1/config.json,runs/drive_zip/resnet18/43/0.1/resnet18_seed43_cam_high_M8_area0.1/metrics.csv,1f7baf0f6a46c35e87656f1d46a253e94b7e85c51cde8f57548f7486fac6bdd1,d7ea24481f2334750c99482d09d912cafb5d883011d16d0545323982ae4d6bce
RawMal-TF,resnet18,43,High-saliency cutout,cam_high,8.0,0.2,100,100,True,True,valid,True,0,,runs/drive_zip/resnet18/43/0.2/resnet18_seed43_cam_high_M8_area0.2,runs/drive_zip/resnet18/43/0.2/resnet18_seed43_cam_high_M8_area0.2/config.json,runs/drive_zip/resnet18/43/0.2/resnet18_seed43_cam_high_M8_area0.2/metrics.csv,6c9a9798c2edf436c33e18eda89661517e8cda6da0d43996cd2dbfc5d34b0737,061bee9647f91ad4757530dc59cc5fd5c91aa7eaf650fe8fad08aaa80e43d5cf
RawMal-TF,resnet18,43,High-saliency cutout,cam_high,8.0,0.3,100,100,True,True,valid,True,0,,runs/drive_zip/resnet18/43/0.3/resnet18_seed43_cam_high_M8_area0.3,runs/drive_zip/resnet18/43/0.3/resnet18_seed43_cam_high_M8_area0.3/config.json,runs/drive_zip/resnet18/43/0.3/resnet18_seed43_cam_high_M8_area0.3/metrics.csv,18660f88eeac31b8ce80d3995290d49d22d9c0b476c045ba0712599c7dd2fd98,34b32028fe2ee49cf1f3bc56c9f2af6df4cbf054ff52cec1ea1f409eea149747
RawMal-TF,resnet18,43,Low-saliency cutout,cam_low,4.0,0.05,100,100,True,True,valid,True,0,,runs/drive_zip/resnet18/43/0.05/resnet18_seed43_cam_low_M4_area0.05,runs/drive_zip/resnet18/43/0.05/resnet18_seed43_cam_low_M4_area0.05/config.json,runs/drive_zip/resnet18/43/0.05/resnet18_seed43_cam_low_M4_area0.05/metrics.csv,897543c94c1229925643939028b0edd9d242ee3b180462a80c9a032364d95636,bf2f8a0b1eb2707a0bbbc5143a1a33fc9efee854009e436544c808c481eabc51
RawMal-TF,resnet18,43,Low-saliency cutout,cam_low,4.0,0.1,100,100,True,True,valid,True,0,,runs/drive_zip/resnet18/43/0.1/resnet18_seed43_cam_low_M4_area0.1,runs/drive_zip/resnet18/43/0.1/resnet18_seed43_cam_low_M4_area0.1/config.json,runs/drive_zip/resnet18/43/0.1/resnet18_seed43_cam_low_M4_area0.1/metrics.csv,ce59ba5b4e3cb6c96fe6cdf0aad984340c626e4cfcb4ae1cbbe6189b77fa291f,45a8728aab89de8458a501d1e1589b7b576cd4db3585ed8ace57b1fd4f86a580
RawMal-TF,resnet18,43,Low-saliency cutout,cam_low,4.0,0.2,100,100,True,True,valid,True,0,,runs/drive_zip/resnet18/43/0.2/resnet18_seed43_cam_low_M4_area0.2,runs/drive_zip/resnet18/43/0.2/resnet18_seed43_cam_low_M4_area0.2/config.json,runs/drive_zip/resnet18/43/0.2/resnet18_seed43_cam_low_M4_area0.2/metrics.csv,f40a48496a371d8b2e442684ce62fcba5ba7074b6625a918fcbb9554dad9f47e,7f6f7f3e64ed88cd1eac000034ff05427940e5f005061059b04d1773ace95539
RawMal-TF,resnet18,43,Low-saliency cutout,cam_low,4.0,0.3,100,100,True,True,valid,True,0,,runs/drive_zip/resnet18/43/0.3/resnet18_seed43_cam_low_M4_area0.3,runs/drive_zip/resnet18/43/0.3/resnet18_seed43_cam_low_M4_area0.3/config.json,runs/drive_zip/resnet18/43/0.3/resnet18_seed43_cam_low_M4_area0.3/metrics.csv,abc6dadf8e3d29e6df0547952032ccacd22d6ac01d79428dc16af21a1f85a878,73acbd7dade1b3b9481f47835993d9cb04c9aaf2ad75c543849346dc9ab9cc54
RawMal-TF,resnet18,43,Low-saliency cutout,cam_low,8.0,0.05,100,100,True,True,valid,True,0,,runs/drive_zip/resnet18/43/0.05/resnet18_seed43_cam_low_M8_area0.05,runs/drive_zip/resnet18/43/0.05/resnet18_seed43_cam_low_M8_area0.05/config.json,runs/drive_zip/resnet18/43/0.05/resnet18_seed43_cam_low_M8_area0.05/metrics.csv,9257fb62dbab5448715f856d39515c6b1a355a24c8bbf1460399353ea212caa2,ec9a98f0b88e7c0849c18cd1d01e0a9c813b48a2b5b95f669ad1d252a7444d6c
RawMal-TF,resnet18,43,Low-saliency cutout,cam_low,8.0,0.1,100,100,True,True,valid,True,0,,runs/drive_zip/resnet18/43/0.1/resnet18_seed43_cam_low_M8_area0.1,runs/drive_zip/resnet18/43/0.1/resnet18_seed43_cam_low_M8_area0.1/config.json,runs/drive_zip/resnet18/43/0.1/resnet18_seed43_cam_low_M8_area0.1/metrics.csv,4c83355f75c1db104832956eb118f8a362e7a00f74bb28e4d37066681a8c84a8,1f0c4ca86cec12454b185ab6a4546b6579a1c1915bb8e0f03019e7c6eebbc436
RawMal-TF,resnet18,43,Low-saliency cutout,cam_low,8.0,0.2,100,100,True,True,valid,True,0,,runs/drive_zip/resnet18/43/0.2/resnet18_seed43_cam_low_M8_area0.2,runs/drive_zip/resnet18/43/0.2/resnet18_seed43_cam_low_M8_area0.2/config.json,runs/drive_zip/resnet18/43/0.2/resnet18_seed43_cam_low_M8_area0.2/metrics.csv,da6d85a71f85e20606d6640b6c47140ae90d8940e796d2f38b9b8cd5ebbeaa61,523d7af8fe593e8eaea98ac45cd4692cda273d6ca24a260e6fdad88ac8b23632
RawMal-TF,resnet18,43,Low-saliency cutout,cam_low,8.0,0.3,100,100,True,True,valid,True,0,,runs/drive_zip/resnet18/43/0.3/resnet18_seed43_cam_low_M8_area0.3,runs/drive_zip/resnet18/43/0.3/resnet18_seed43_cam_low_M8_area0.3/config.json,runs/drive_zip/resnet18/43/0.3/resnet18_seed43_cam_low_M8_area0.3/metrics.csv,b5dbb3360ad8b0bc94677a15b931c8878e3e79f8ba43eede70e7b9b1cc207381,d3f7bdb0f5ba3e21dcddcec6cde6ce01148682831ea6f349b4097c145ae349f2
RawMal-TF,resnet18,43,Random cutout,random,4.0,0.05,100,100,True,True,valid,True,0,,runs/drive_zip/resnet18/43/0.05/resnet18_seed43_random_M4_area0.05,runs/drive_zip/resnet18/43/0.05/resnet18_seed43_random_M4_area0.05/config.json,runs/drive_zip/resnet18/43/0.05/resnet18_seed43_random_M4_area0.05/metrics.csv,0c33be7e6b9e9230c9d61f06ac0e948c482259f54cd27f2320a872244b45f73a,cccdb37ae8170c6abee3b0d7e13d88337b968f364dfa45c8ec35d14b19db8cf6
RawMal-TF,resnet18,43,Random cutout,random,4.0,0.1,100,100,True,True,valid,True,0,,runs/drive_zip/resnet18/43/0.1/resnet18_seed43_random_M4_area0.1,runs/drive_zip/resnet18/43/0.1/resnet18_seed43_random_M4_area0.1/config.json,runs/drive_zip/resnet18/43/0.1/resnet18_seed43_random_M4_area0.1/metrics.csv,5d00e20b91618a303e23e21b36f70dff4c9fe622963c85aeae43f8a7e664dfa6,d14845788b7e3d640380c3efbe762e2beeb37429783fd02ef567eca7da098eac
RawMal-TF,resnet18,43,Random cutout,random,4.0,0.2,100,100,True,True,valid,True,0,,runs/drive_zip/resnet18/43/0.2/resnet18_seed43_random_M4_area0.2,runs/drive_zip/resnet18/43/0.2/resnet18_seed43_random_M4_area0.2/config.json,runs/drive_zip/resnet18/43/0.2/resnet18_seed43_random_M4_area0.2/metrics.csv,62616629db214d96d9428e13decb82c6e2325f953d0ee8b8c8c70f3a4d11da57,f282331de48666f16fd4ed3cc23a7cca028ae95e7c1d805b974784f3c184cc47
RawMal-TF,resnet18,43,Random cutout,random,4.0,0.3,100,100,True,True,valid,True,0,,runs/drive_zip/resnet18/43/0.3/resnet18_seed43_random_M4_area0.3,runs/drive_zip/resnet18/43/0.3/resnet18_seed43_random_M4_area0.3/config.json,runs/drive_zip/resnet18/43/0.3/resnet18_seed43_random_M4_area0.3/metrics.csv,b86d686394a8d32ed5f352db0319e6d4449de3bfb81a786f9b541b1ffc241dec,7028de63f17daf40d78aa6285fe3517a45c3977322ba1fd35e9136a1db89cbfa
RawMal-TF,resnet18,43,Random cutout,random,8.0,0.05,100,100,True,True,valid,True,0,,runs/drive_zip/resnet18/43/0.05/resnet18_seed43_random_M8_area0.05,runs/drive_zip/resnet18/43/0.05/resnet18_seed43_random_M8_area0.05/config.json,runs/drive_zip/resnet18/43/0.05/resnet18_seed43_random_M8_area0.05/metrics.csv,fd3247ad801b87299ced36bfd87b1075cf18c2d428f735b7b5473d01af5f8726,132e8e0250c8ca1f9d97ed951786cddd83663b806b7fc5788829308d3fb025ae
RawMal-TF,resnet18,43,Random cutout,random,8.0,0.1,100,100,True,True,valid,True,0,,runs/drive_zip/resnet18/43/0.1/resnet18_seed43_random_M8_area0.1,runs/drive_zip/resnet18/43/0.1/resnet18_seed43_random_M8_area0.1/config.json,runs/drive_zip/resnet18/43/0.1/resnet18_seed43_random_M8_area0.1/metrics.csv,edd714e32d4efcf8ea26107cfd405a30afd3449eadb354a373b2bd536a9e5cee,4ef50a437798a5104079b341f91646aea2b7a07bdb73143cf5adcae56a3dba3c
RawMal-TF,resnet18,43,Random cutout,random,8.0,0.2,100,100,True,True,valid,True,0,,runs/drive_zip/resnet18/43/0.2/resnet18_seed43_random_M8_area0.2,runs/drive_zip/resnet18/43/0.2/resnet18_seed43_random_M8_area0.2/config.json,runs/drive_zip/resnet18/43/0.2/resnet18_seed43_random_M8_area0.2/metrics.csv,c049090db9cfef36bbde1d632915cd74f79875acf6eb3963cf0d9973f84fa38a,8e9e8b031821f7e844a200ec5d8ea96b989a3b75c1a1e4bb7aead2e89d0a401c
RawMal-TF,resnet18,43,Random cutout,random,8.0,0.3,100,100,True,True,valid,True,0,,runs/drive_zip/resnet18/43/0.3/resnet18_seed43_random_M8_area0.3,runs/drive_zip/resnet18/43/0.3/resnet18_seed43_random_M8_area0.3/config.json,runs/drive_zip/resnet18/43/0.3/resnet18_seed43_random_M8_area0.3/metrics.csv,55ffdbdf5251fc3c59d341ddf09fbd66720f872392f2018d5af0de6798fb7593,3c8e8abe8224f4674deff2ccacd96c6df62bd204d6e673d64eba4eb5617c44a8
RawMal-TF,resnet18,43,No cutout,none,,,100,100,True,True,valid_selected_baseline,True,0,,runs/drive_zip/resnet18/43/0.05/resnet18_seed43_none,runs/drive_zip/resnet18/43/0.05/resnet18_seed43_none/config.json,runs/drive_zip/resnet18/43/0.05/resnet18_seed43_none/metrics.csv,f5f5828f1e7e68ec1895a49bbdfe0b4b123322e379f5d04d0cf7a58ea380110c,1b7e4850d7068bce09bdcd776eb088b3a1f42ea194e6dc428b4a4ce33d40b01a
RawMal-TF,resnet18,43,No cutout,none,,,100,100,True,True,duplicate_baseline_exact,False,1,deduplicated_exact_no_cutout_copy,runs/drive_zip/resnet18/43/0.1/resnet18_seed43_none,runs/drive_zip/resnet18/43/0.1/resnet18_seed43_none/config.json,runs/drive_zip/resnet18/43/0.1/resnet18_seed43_none/metrics.csv,f5f5828f1e7e68ec1895a49bbdfe0b4b123322e379f5d04d0cf7a58ea380110c,1b7e4850d7068bce09bdcd776eb088b3a1f42ea194e6dc428b4a4ce33d40b01a
RawMal-TF,resnet18,43,No cutout,none,,,100,100,True,True,duplicate_baseline_exact,False,1,deduplicated_exact_no_cutout_copy,runs/drive_zip/resnet18/43/0.2/resnet18_seed43_none,runs/drive_zip/resnet18/43/0.2/resnet18_seed43_none/config.json,runs/drive_zip/resnet18/43/0.2/resnet18_seed43_none/metrics.csv,f5f5828f1e7e68ec1895a49bbdfe0b4b123322e379f5d04d0cf7a58ea380110c,1b7e4850d7068bce09bdcd776eb088b3a1f42ea194e6dc428b4a4ce33d40b01a
RawMal-TF,resnet18,43,No cutout,none,,,100,100,True,True,duplicate_baseline_exact,False,1,deduplicated_exact_no_cutout_copy,runs/drive_zip/resnet18/43/0.3/resnet18_seed43_none,runs/drive_zip/resnet18/43/0.3/resnet18_seed43_none/config.json,runs/drive_zip/resnet18/43/0.3/resnet18_seed43_none/metrics.csv,f5f5828f1e7e68ec1895a49bbdfe0b4b123322e379f5d04d0cf7a58ea380110c,1b7e4850d7068bce09bdcd776eb088b3a1f42ea194e6dc428b4a4ce33d40b01a
RawMal-TF,resnet18,44,High-saliency cutout,cam_high,4.0,0.05,100,100,True,True,valid,True,0,,runs/drive_zip/resnet18/44/0.05/resnet18_seed44_cam_high_M4_area0.05,runs/drive_zip/resnet18/44/0.05/resnet18_seed44_cam_high_M4_area0.05/config.json,runs/drive_zip/resnet18/44/0.05/resnet18_seed44_cam_high_M4_area0.05/metrics.csv,195706f6dad51697c7a42e5c48dc081147ab9043c0e5bf1a68678395b6fe0fd2,3face38e39337d006a099d0d26ff5e64d15d19b72b7384b1f7b0521bcae47255
RawMal-TF,resnet18,44,High-saliency cutout,cam_high,4.0,0.1,100,100,True,True,valid,True,0,,runs/drive_zip/resnet18/44/0.1/resnet18_seed44_cam_high_M4_area0.1,runs/drive_zip/resnet18/44/0.1/resnet18_seed44_cam_high_M4_area0.1/config.json,runs/drive_zip/resnet18/44/0.1/resnet18_seed44_cam_high_M4_area0.1/metrics.csv,44382dccac58ac34ebd338246ba911286ca3a69630ccf9d080b65ec5fc2d80d6,f821bcc71cef5ca3ba785dbd71abdb3af5e4360d23ad53e525f427b8a44f40c5
RawMal-TF,resnet18,44,High-saliency cutout,cam_high,4.0,0.2,100,100,True,True,valid,True,0,,runs/drive_zip/resnet18/44/0.2/resnet18_seed44_cam_high_M4_area0.2,runs/drive_zip/resnet18/44/0.2/resnet18_seed44_cam_high_M4_area0.2/config.json,runs/drive_zip/resnet18/44/0.2/resnet18_seed44_cam_high_M4_area0.2/metrics.csv,1f4c4ff44fe945e984f2ad8a5c0973379a19228d2cdefe00ae396bb257843fbb,2c54bb81c1bc34cd89719df75def82b9eaf26b83c712034a6210a686665cd30d
RawMal-TF,resnet18,44,High-saliency cutout,cam_high,4.0,0.3,100,100,True,True,valid,True,0,,runs/drive_zip/resnet18/44/0.3/resnet18_seed44_cam_high_M4_area0.3,runs/drive_zip/resnet18/44/0.3/resnet18_seed44_cam_high_M4_area0.3/config.json,runs/drive_zip/resnet18/44/0.3/resnet18_seed44_cam_high_M4_area0.3/metrics.csv,e09de1b4af2e911e746c11e4f835ce32af8dca7413ac973ffc6670f803783104,7ca895762663b7435207aee09ecc253f146545c273c332ce27d90482e41a38aa
RawMal-TF,resnet18,44,High-saliency cutout,cam_high,8.0,0.05,100,100,True,True,valid,True,0,,runs/drive_zip/resnet18/44/0.05/resnet18_seed44_cam_high_M8_area0.05,runs/drive_zip/resnet18/44/0.05/resnet18_seed44_cam_high_M8_area0.05/config.json,runs/drive_zip/resnet18/44/0.05/resnet18_seed44_cam_high_M8_area0.05/metrics.csv,05d12365df8615a8c30a73dd75b31b9eacc4d25f5b1831f21c4cc80660c85a6d,21b5acc329db68cb924c54edc8c53a0ed3390186883fc38e9e7bdb8e020b1b31
RawMal-TF,resnet18,44,High-saliency cutout,cam_high,8.0,0.1,100,100,True,True,valid,True,0,,runs/drive_zip/resnet18/44/0.1/resnet18_seed44_cam_high_M8_area0.1,runs/drive_zip/resnet18/44/0.1/resnet18_seed44_cam_high_M8_area0.1/config.json,runs/drive_zip/resnet18/44/0.1/resnet18_seed44_cam_high_M8_area0.1/metrics.csv,1458b495d7d5e3dfdd9e12b46ae5d510bafeababde8b3f1278f049ffa996af8b,8f66083f7ff1ef12dd8acce1954429800520188eb047d530d0e7ebb387cba276
RawMal-TF,resnet18,44,High-saliency cutout,cam_high,8.0,0.2,100,100,True,True,valid,True,0,,runs/drive_zip/resnet18/44/0.2/resnet18_seed44_cam_high_M8_area0.2,runs/drive_zip/resnet18/44/0.2/resnet18_seed44_cam_high_M8_area0.2/config.json,runs/drive_zip/resnet18/44/0.2/resnet18_seed44_cam_high_M8_area0.2/metrics.csv,99de9c387a38b94b021e70b08f9c06ed3cf1089958cf497c38ab783efad933b6,03d2e7e09ff563bda7493ef2315b17e4061911fe9b2577c925982dba97a935af
RawMal-TF,resnet18,44,High-saliency cutout,cam_high,8.0,0.3,100,100,True,True,valid,True,0,,runs/drive_zip/resnet18/44/0.3/resnet18_seed44_cam_high_M8_area0.3,runs/drive_zip/resnet18/44/0.3/resnet18_seed44_cam_high_M8_area0.3/config.json,runs/drive_zip/resnet18/44/0.3/resnet18_seed44_cam_high_M8_area0.3/metrics.csv,f73000932c60d1570a80f2407b966951a37a8c04e6ca5c2536c6e7557872910e,1f6dd9100089171c6600dc27e53256fabca2a85c10102ab6a4b84f9c74fcdd59
RawMal-TF,resnet18,44,Low-saliency cutout,cam_low,4.0,0.05,100,100,True,True,valid,True,0,,runs/drive_zip/resnet18/44/0.05/resnet18_seed44_cam_low_M4_area0.05,runs/drive_zip/resnet18/44/0.05/resnet18_seed44_cam_low_M4_area0.05/config.json,runs/drive_zip/resnet18/44/0.05/resnet18_seed44_cam_low_M4_area0.05/metrics.csv,67b9c580030fd13446db558449c19dc01f0076bfb0610e586fbaa2a69c27e08b,bfbc3e3e7084a97476faad4555e1e92e15ef2a1f4a25aa64863f2d1124b239b5
RawMal-TF,resnet18,44,Low-saliency cutout,cam_low,4.0,0.1,100,100,True,True,valid,True,0,,runs/drive_zip/resnet18/44/0.1/resnet18_seed44_cam_low_M4_area0.1,runs/drive_zip/resnet18/44/0.1/resnet18_seed44_cam_low_M4_area0.1/config.json,runs/drive_zip/resnet18/44/0.1/resnet18_seed44_cam_low_M4_area0.1/metrics.csv,fdd4e7a973ef884f876b8c4551cf6fbc50d421345ea423352c3e4c619bf4a110,c62849b128606cd2c6637480daf19dcc83f096a3a3c629e9cd2d3741eb82b0d7
RawMal-TF,resnet18,44,Low-saliency cutout,cam_low,4.0,0.2,100,100,True,True,valid,True,0,,runs/drive_zip/resnet18/44/0.2/resnet18_seed44_cam_low_M4_area0.2,runs/drive_zip/resnet18/44/0.2/resnet18_seed44_cam_low_M4_area0.2/config.json,runs/drive_zip/resnet18/44/0.2/resnet18_seed44_cam_low_M4_area0.2/metrics.csv,5d1ca5ee28e4a11c14f7763da982468cdbbe781af6f234100bff83b82a3ef700,baa95168f2b8aed0cdaab9aa48c9ef269e94db3640de076a4fbf2a01b64dc97e
RawMal-TF,resnet18,44,Low-saliency cutout,cam_low,4.0,0.3,100,100,True,True,valid,True,0,,runs/drive_zip/resnet18/44/0.3/resnet18_seed44_cam_low_M4_area0.3,runs/drive_zip/resnet18/44/0.3/resnet18_seed44_cam_low_M4_area0.3/config.json,runs/drive_zip/resnet18/44/0.3/resnet18_seed44_cam_low_M4_area0.3/metrics.csv,4f2af51d3cd7d3c43b8c98baad2aeec746b1c50d0cc728ff3d9532391bcb1e1a,83543c938d501cd6db032842651ee5319bf219bd76daf3c55de6c04d24d2e5f5
RawMal-TF,resnet18,44,Low-saliency cutout,cam_low,8.0,0.05,100,100,True,True,valid,True,0,,runs/drive_zip/resnet18/44/0.05/resnet18_seed44_cam_low_M8_area0.05,runs/drive_zip/resnet18/44/0.05/resnet18_seed44_cam_low_M8_area0.05/config.json,runs/drive_zip/resnet18/44/0.05/resnet18_seed44_cam_low_M8_area0.05/metrics.csv,66935ecf0ea0c0bc054cee3f24551676a8643ead9dc866127077c8aae84c4e7e,21a8160434993649fa35ee0052ce88a04e383926762783f4a44e50c18b38f45e
RawMal-TF,resnet18,44,Low-saliency cutout,cam_low,8.0,0.1,100,100,True,True,valid,True,0,,runs/drive_zip/resnet18/44/0.1/resnet18_seed44_cam_low_M8_area0.1,runs/drive_zip/resnet18/44/0.1/resnet18_seed44_cam_low_M8_area0.1/config.json,runs/drive_zip/resnet18/44/0.1/resnet18_seed44_cam_low_M8_area0.1/metrics.csv,e21aa6e8b648e4d9a4b0e3e4a0289e439758d1c0b4d8e00ff8806a115824d45e,e0ca2932d394834a7f86efd059d03e0a3e19747a15094c645fc5a71d2302dffc
RawMal-TF,resnet18,44,Low-saliency cutout,cam_low,8.0,0.2,100,100,True,True,valid,True,0,,runs/drive_zip/resnet18/44/0.2/resnet18_seed44_cam_low_M8_area0.2,runs/drive_zip/resnet18/44/0.2/resnet18_seed44_cam_low_M8_area0.2/config.json,runs/drive_zip/resnet18/44/0.2/resnet18_seed44_cam_low_M8_area0.2/metrics.csv,a82827c4a720db7ab4f53914d77ed1f5bdf1c131f5a781fd86e2475ed17d00bd,3a3d9c10b7098084c8f1f6519804d84b8ed7a0d696ce257bb608884b7d2fd663
RawMal-TF,resnet18,44,Low-saliency cutout,cam_low,8.0,0.3,100,100,True,True,valid,True,0,,runs/drive_zip/resnet18/44/0.3/resnet18_seed44_cam_low_M8_area0.3,runs/drive_zip/resnet18/44/0.3/resnet18_seed44_cam_low_M8_area0.3/config.json,runs/drive_zip/resnet18/44/0.3/resnet18_seed44_cam_low_M8_area0.3/metrics.csv,a765bb5f9e311d3253a5b53ebf8d3e2d9b378b93b8c5c9928e433a8dda5cc6be,025cfb4b6b019380cf0bd80c13e64a193d4d86824c419ce1c71c2f62fca073e6
RawMal-TF,resnet18,44,Random cutout,random,4.0,0.05,100,100,True,True,valid,True,0,,runs/drive_zip/resnet18/44/0.05/resnet18_seed44_random_M4_area0.05,runs/drive_zip/resnet18/44/0.05/resnet18_seed44_random_M4_area0.05/config.json,runs/drive_zip/resnet18/44/0.05/resnet18_seed44_random_M4_area0.05/metrics.csv,7f30d752f4c7973d2b43ec47441f899c379d3fecf81dcc74c9487a142f127784,7304a217c7d2910ae09e8275ebb06f5a7390af1396b1d9e911d2cb8b25f31580
RawMal-TF,resnet18,44,Random cutout,random,4.0,0.1,100,100,True,True,valid,True,0,,runs/drive_zip/resnet18/44/0.1/resnet18_seed44_random_M4_area0.1,runs/drive_zip/resnet18/44/0.1/resnet18_seed44_random_M4_area0.1/config.json,runs/drive_zip/resnet18/44/0.1/resnet18_seed44_random_M4_area0.1/metrics.csv,3cf8f4d7c2d8d834a7adc4ed0ef1aa935e9bfcff6dee48676af39febf0077c0a,e74f23bd60122bb0bdbd82c6d355a4e90d5d5830a2857fa51f32af9ea025af5c
RawMal-TF,resnet18,44,Random cutout,random,4.0,0.2,100,100,True,True,valid,True,0,,runs/drive_zip/resnet18/44/0.2/resnet18_seed44_random_M4_area0.2,runs/drive_zip/resnet18/44/0.2/resnet18_seed44_random_M4_area0.2/config.json,runs/drive_zip/resnet18/44/0.2/resnet18_seed44_random_M4_area0.2/metrics.csv,5bb1e5f8bf3b970649e8ae2b4da0663af52ab2e7890b7df3ac0bd4311b75f953,c2554e5a3857a8191c1f586087145e7c6c61de0bc814c02ef5c2331021cc135f
RawMal-TF,resnet18,44,Random cutout,random,4.0,0.3,100,100,True,True,valid,True,0,,runs/drive_zip/resnet18/44/0.3/resnet18_seed44_random_M4_area0.3,runs/drive_zip/resnet18/44/0.3/resnet18_seed44_random_M4_area0.3/config.json,runs/drive_zip/resnet18/44/0.3/resnet18_seed44_random_M4_area0.3/metrics.csv,64d4a61fbc047dc81ea2dce87ae8062900dd0adadee67f7318bb6e9836d1d10a,3d014d7cfddfff7c742660d0ac5ed699ef6132b6ff6203af3a714e885f79ae97
RawMal-TF,resnet18,44,Random cutout,random,8.0,0.05,100,100,True,True,valid,True,0,,runs/drive_zip/resnet18/44/0.05/resnet18_seed44_random_M8_area0.05,runs/drive_zip/resnet18/44/0.05/resnet18_seed44_random_M8_area0.05/config.json,runs/drive_zip/resnet18/44/0.05/resnet18_seed44_random_M8_area0.05/metrics.csv,3afa555590b0c3184b5379f2c92dbf80f403f082c3b1ac00a5a5b0ef989847fc,3a8be6ca9af28e8bd8592c1e055a647d801386453a87382d9662bb040ab8f6e7
RawMal-TF,resnet18,44,Random cutout,random,8.0,0.1,100,100,True,True,valid,True,0,,runs/drive_zip/resnet18/44/0.1/resnet18_seed44_random_M8_area0.1,runs/drive_zip/resnet18/44/0.1/resnet18_seed44_random_M8_area0.1/config.json,runs/drive_zip/resnet18/44/0.1/resnet18_seed44_random_M8_area0.1/metrics.csv,678b53bc49a2ca25b2a365680a3e836a9dc14bac83cc8bc17fc3ab1b7b40e45d,d19024283b9fcaee16becaa8b8ce4e6f1e5a5c6d33dba369f74f77700b036372
RawMal-TF,resnet18,44,Random cutout,random,8.0,0.2,100,100,True,True,valid,True,0,,runs/drive_zip/resnet18/44/0.2/resnet18_seed44_random_M8_area0.2,runs/drive_zip/resnet18/44/0.2/resnet18_seed44_random_M8_area0.2/config.json,runs/drive_zip/resnet18/44/0.2/resnet18_seed44_random_M8_area0.2/metrics.csv,172d966f551af40d1e69131c427eadcc072612656d5ad8cd6378df6c8caf6c86,fa28bca05edc0d4b9d888951102b628d389320a2b253b8e001581f035420d452
RawMal-TF,resnet18,44,Random cutout,random,8.0,0.3,100,100,True,True,valid,True,0,,runs/drive_zip/resnet18/44/0.3/resnet18_seed44_random_M8_area0.3,runs/drive_zip/resnet18/44/0.3/resnet18_seed44_random_M8_area0.3/config.json,runs/drive_zip/resnet18/44/0.3/resnet18_seed44_random_M8_area0.3/metrics.csv,dd76584a23b81ffea6ef03902e1faaadf053e1c61a607c7ac015a544f1d40117,1624aae59daf8ef5161f8666cc4f1b4a907d93e7c4d1e6bec0e470e1ba0b2803
RawMal-TF,resnet18,44,No cutout,none,,,100,100,True,True,valid_selected_baseline,True,0,,runs/drive_zip/resnet18/44/0.05/resnet18_seed44_none,runs/drive_zip/resnet18/44/0.05/resnet18_seed44_none/config.json,runs/drive_zip/resnet18/44/0.05/resnet18_seed44_none/metrics.csv,d2acda4e34c86685b129a22e3d58403be899ad9c63cf3295d3eb279fdd5d99ac,b941ad1ed33a5f65c922b7f14ebff5c08aa6eb938db404388a2c033db0ce893e
RawMal-TF,resnet18,44,No cutout,none,,,100,100,True,True,duplicate_baseline_exact,False,1,deduplicated_exact_no_cutout_copy,runs/drive_zip/resnet18/44/0.1/resnet18_seed44_none,runs/drive_zip/resnet18/44/0.1/resnet18_seed44_none/config.json,runs/drive_zip/resnet18/44/0.1/resnet18_seed44_none/metrics.csv,d2acda4e34c86685b129a22e3d58403be899ad9c63cf3295d3eb279fdd5d99ac,b941ad1ed33a5f65c922b7f14ebff5c08aa6eb938db404388a2c033db0ce893e
RawMal-TF,resnet18,44,No cutout,none,,,100,100,True,True,duplicate_baseline_exact,False,1,deduplicated_exact_no_cutout_copy,runs/drive_zip/resnet18/44/0.2/resnet18_seed44_none,runs/drive_zip/resnet18/44/0.2/resnet18_seed44_none/config.json,runs/drive_zip/resnet18/44/0.2/resnet18_seed44_none/metrics.csv,d2acda4e34c86685b129a22e3d58403be899ad9c63cf3295d3eb279fdd5d99ac,b941ad1ed33a5f65c922b7f14ebff5c08aa6eb938db404388a2c033db0ce893e
RawMal-TF,resnet18,44,No cutout,none,,,100,100,True,True,duplicate_baseline_exact,False,1,deduplicated_exact_no_cutout_copy,runs/drive_zip/resnet18/44/0.3/resnet18_seed44_none,runs/drive_zip/resnet18/44/0.3/resnet18_seed44_none/config.json,runs/drive_zip/resnet18/44/0.3/resnet18_seed44_none/metrics.csv,d2acda4e34c86685b129a22e3d58403be899ad9c63cf3295d3eb279fdd5d99ac,b941ad1ed33a5f65c922b7f14ebff5c08aa6eb938db404388a2c033db0ce893e
