epoch,lr,train_loss,train_acc1,train_acc5,eval_loss,eval_acc1,eval_acc5,eval_split
1,0.10000000,3.881389,0.117148,0.339619,3.537487,0.169416,0.457790,val
2,0.09998904,3.134331,0.249512,0.565052,3.052348,0.273598,0.595152,val
3,0.09995615,2.643236,0.362196,0.697608,2.543833,0.388258,0.717613,val
4,0.09990135,2.327865,0.441234,0.770498,2.378412,0.434386,0.758594,val
5,0.09982466,2.122394,0.498340,0.814742,2.318822,0.451654,0.768555,val
6,0.09972612,1.985400,0.533129,0.838394,2.147326,0.498185,0.806595,val
7,0.09960577,1.891935,0.563445,0.854302,2.330996,0.459237,0.777953,val
8,0.09946367,1.813303,0.585121,0.869890,2.106992,0.520554,0.807939,val
9,0.09929987,1.759054,0.598692,0.879875,1.959233,0.544589,0.842429,val
10,0.09911445,1.706712,0.615932,0.888317,2.121010,0.510811,0.808858,val
11,0.09890749,1.667618,0.625372,0.894766,2.058272,0.524540,0.825184,val
12,0.09867908,1.634738,0.634482,0.899439,2.102498,0.512845,0.825161,val
13,0.09842932,1.590552,0.648810,0.905259,2.047033,0.530480,0.829308,val
14,0.09815831,1.569341,0.653831,0.908975,2.151607,0.509881,0.809570,val
15,0.09786619,1.545674,0.661678,0.913478,2.107983,0.518761,0.811167,val
16,0.09755307,1.844847,0.575203,0.862078,1.987017,0.542452,0.843830,val
17,0.09721910,1.761032,0.600223,0.877646,2.032517,0.532767,0.841533,val
18,0.09686441,1.719755,0.611096,0.882314,1.889001,0.568934,0.857904,val
19,0.09648918,1.690223,0.619826,0.890043,2.111641,0.530205,0.817567,val
20,0.09609355,1.678286,0.625552,0.890494,2.041076,0.539683,0.827608,val
21,0.09567771,1.666080,0.627720,0.892990,2.043300,0.534203,0.831089,val
22,0.09524183,1.659997,0.628129,0.892174,1.942621,0.571059,0.844106,val
23,0.09478611,1.634978,0.636213,0.898327,1.980281,0.550793,0.838982,val
24,0.09431075,1.634236,0.635101,0.898684,2.021919,0.545255,0.828389,val
25,0.09381595,1.614671,0.642378,0.901318,1.954489,0.565935,0.848334,val
26,0.09330194,1.597240,0.646716,0.904376,1.814722,0.600770,0.866303,val
27,0.09276894,1.589436,0.650455,0.904437,2.021349,0.553366,0.838465,val
28,0.09221717,1.585512,0.651239,0.905458,1.878405,0.580549,0.854320,val
29,0.09164690,1.555716,0.658955,0.909143,2.077375,0.543761,0.834536,val
30,0.09105835,1.552677,0.659752,0.911039,1.810517,0.598093,0.869014,val
31,0.09045180,1.538174,0.664023,0.913409,1.903260,0.581468,0.853022,val
32,0.08982751,1.528871,0.666709,0.914731,1.906465,0.571886,0.854825,val
33,0.08918575,1.524401,0.665451,0.916955,1.952061,0.558697,0.846312,val
34,0.08852681,1.508344,0.674432,0.916842,1.849942,0.583559,0.857376,val
35,0.08785097,1.499360,0.677503,0.918726,1.999369,0.559088,0.844037,val
36,0.08715853,1.484385,0.678859,0.921648,1.963868,0.568865,0.838591,val
37,0.08644979,1.491335,0.678422,0.919522,2.008094,0.556480,0.838270,val
38,0.08572506,1.476663,0.681147,0.921515,1.815339,0.609191,0.870313,val
39,0.08498467,1.467347,0.684610,0.922923,1.830968,0.598047,0.864246,val
40,0.08422893,1.452431,0.690084,0.925979,1.793395,0.617739,0.874724,val
41,0.08345818,1.445846,0.691404,0.927340,1.882887,0.585420,0.847553,val
42,0.08267276,1.446078,0.691165,0.925157,1.821416,0.600023,0.871048,val
43,0.08187301,1.437837,0.694301,0.928760,1.822058,0.597358,0.869704,val
44,0.08105928,1.424942,0.699589,0.927160,1.831573,0.597185,0.862615,val
45,0.08023193,1.414142,0.700116,0.931142,1.956588,0.570312,0.846909,val
46,0.07939132,1.391629,0.708807,0.934363,1.716012,0.621530,0.879756,val
47,0.07853782,1.397933,0.705744,0.933655,1.822633,0.608927,0.870921,val
48,0.07767181,1.378670,0.711818,0.935855,1.662603,0.642796,0.894577,val
49,0.07679366,1.369329,0.714511,0.937113,1.776951,0.610765,0.871921,val
50,0.07590376,1.362135,0.718385,0.938839,1.777802,0.616751,0.875391,val
51,0.07500250,1.360538,0.716284,0.938755,1.841213,0.604435,0.859145,val
52,0.07409027,1.345855,0.720550,0.941665,1.840229,0.613281,0.874460,val
53,0.07316749,1.324414,0.727744,0.943073,1.722946,0.629331,0.886696,val
54,0.07223454,1.325059,0.727458,0.943875,1.727132,0.629653,0.881491,val
55,0.07129184,1.316215,0.730286,0.946245,1.817475,0.612580,0.868164,val
56,0.07033980,1.303090,0.734597,0.947409,1.788717,0.605239,0.879538,val
57,0.06937884,1.301231,0.734180,0.948107,1.702470,0.635409,0.883100,val
58,0.06840939,1.274346,0.745048,0.951058,1.717181,0.634766,0.882962,val
59,0.06743186,1.271725,0.745933,0.951303,1.681768,0.635041,0.888040,val
60,0.06644669,1.262765,0.745660,0.952277,1.744881,0.624782,0.880538,val
61,0.06545430,1.249716,0.750158,0.954018,1.873038,0.600954,0.862224,val
62,0.06445514,1.241836,0.753371,0.956563,1.642709,0.654354,0.892682,val
63,0.06344965,1.241262,0.752498,0.954309,1.740751,0.637086,0.876884,val
64,0.06243825,1.211985,0.762831,0.957354,1.727855,0.633134,0.881710,val
65,0.06142140,1.213729,0.761566,0.959391,1.651698,0.648150,0.889017,val
66,0.06039954,1.199191,0.768532,0.960220,1.626064,0.659352,0.893164,val
67,0.05937313,1.187676,0.771568,0.962045,1.735786,0.632422,0.877930,val
68,0.05834260,1.173892,0.774227,0.962471,1.740346,0.631537,0.876390,val
69,0.05730842,1.159953,0.778165,0.965650,1.666503,0.654354,0.893624,val
70,0.05627104,1.155525,0.781124,0.965978,1.612837,0.669738,0.899046,val
71,0.05523090,1.135606,0.786170,0.968459,1.609385,0.667762,0.893555,val
72,0.05418847,1.137884,0.786362,0.966230,1.653094,0.657158,0.892337,val
73,0.05314421,1.104100,0.797053,0.971206,1.696297,0.641291,0.885283,val
74,0.05209857,1.102727,0.797334,0.971889,1.662232,0.647817,0.890947,val
75,0.05105202,1.100200,0.798345,0.971413,1.632728,0.669049,0.899494,val
76,0.05000500,1.080991,0.804510,0.972910,1.694562,0.643830,0.886477,val
77,0.04895798,1.066604,0.809417,0.974498,1.652827,0.657479,0.894003,val
78,0.04791143,1.041905,0.817084,0.976434,1.692119,0.643463,0.891556,val
79,0.04686579,1.028835,0.824164,0.978698,1.689528,0.657376,0.880319,val
80,0.04582153,1.026140,0.822315,0.978881,1.663260,0.648713,0.889040,val
81,0.04477910,1.021241,0.825383,0.979559,1.639523,0.658284,0.897415,val
82,0.04373896,0.996209,0.832347,0.980940,1.558224,0.677999,0.902815,val
83,0.04270158,0.978191,0.840556,0.981611,1.711217,0.638971,0.882985,val
84,0.04166740,0.962403,0.843627,0.984550,1.618059,0.668589,0.898219,val
85,0.04063687,0.954578,0.846571,0.984802,1.581657,0.677493,0.898415,val
86,0.03961046,0.939346,0.851437,0.986111,1.658837,0.663120,0.890993,val
87,0.03858860,0.920895,0.858376,0.987226,1.608846,0.673254,0.893141,val
88,0.03757175,0.921385,0.858361,0.987186,1.618042,0.666969,0.901172,val
89,0.03656035,0.899208,0.866953,0.988486,1.563953,0.682089,0.906595,val
90,0.03555486,0.869308,0.877210,0.990910,1.575717,0.685466,0.900977,val
91,0.03455570,0.874632,0.874571,0.990067,1.625352,0.672852,0.899104,val
92,0.03356331,0.854991,0.879974,0.991665,1.636267,0.672277,0.893313,val
93,0.03257814,0.837587,0.887713,0.991970,1.596304,0.679400,0.898311,val
94,0.03160061,0.810373,0.897643,0.993901,1.535002,0.689315,0.908330,val
95,0.03063116,0.802956,0.900682,0.993741,1.581979,0.684099,0.901103,val
96,0.02967020,0.785583,0.907199,0.994673,1.622463,0.676574,0.895002,val
97,0.02871816,0.776166,0.909629,0.994900,1.547963,0.697277,0.904665,val
98,0.02777546,0.757581,0.916287,0.995961,1.561779,0.686167,0.902953,val
99,0.02684251,0.759997,0.914484,0.995855,1.556185,0.690786,0.903274,val
100,0.02591973,0.741602,0.922043,0.996227,1.552305,0.694945,0.902493,val
101,0.02500750,0.721008,0.926551,0.996831,1.501014,0.707709,0.915372,val
102,0.02410624,0.722737,0.928072,0.997181,1.464897,0.708835,0.916441,val
103,0.02321634,0.702390,0.936380,0.997270,1.515128,0.703699,0.908961,val
104,0.02233819,0.685278,0.941086,0.997919,1.493096,0.711179,0.912557,val
105,0.02147218,0.671862,0.945700,0.998580,1.466394,0.714786,0.913212,val
106,0.02061868,0.657499,0.950681,0.998269,1.486995,0.707548,0.911363,val
107,0.01977807,0.639437,0.958279,0.998957,1.433513,0.723874,0.917808,val
108,0.01895072,0.625027,0.960664,0.999001,1.418850,0.722243,0.917727,val
109,0.01813699,0.610910,0.967327,0.999401,1.423044,0.725908,0.917682,val
110,0.01733724,0.596276,0.972489,0.999445,1.403226,0.729619,0.924058,val
111,0.01655182,0.591043,0.971855,0.999534,1.401884,0.730928,0.921691,val
112,0.01578107,0.577727,0.977339,0.999623,1.424031,0.723185,0.918394,val
113,0.01502533,0.569418,0.978765,0.999778,1.408937,0.737695,0.915924,val
114,0.01428494,0.555392,0.983053,0.999734,1.370991,0.741946,0.921048,val
115,0.01356021,0.552768,0.983058,0.999867,1.384237,0.739648,0.921955,val
116,0.01285147,0.543882,0.985694,0.999778,1.367264,0.743038,0.924299,val
117,0.01215903,0.540877,0.985423,0.999822,1.353128,0.744072,0.926103,val
118,0.01148319,0.530633,0.988836,0.999867,1.329049,0.754619,0.923909,val
119,0.01082425,0.522290,0.990146,0.999978,1.320543,0.756181,0.929527,val
120,0.01018249,0.516008,0.991899,0.999933,1.342059,0.756939,0.922518,val
121,0.00955820,0.510256,0.992942,0.999956,1.335109,0.759065,0.930285,val
122,0.00895165,0.505356,0.994323,0.999956,1.338946,0.750689,0.930044,val
123,0.00836310,0.500112,0.994146,0.999933,1.328792,0.759501,0.926574,val
124,0.00779283,0.496099,0.995154,1.000000,1.296129,0.769566,0.930744,val
125,0.00724106,0.491760,0.996160,0.999933,1.297123,0.765751,0.930549,val
126,0.00670806,0.486549,0.996782,1.000000,1.293512,0.769221,0.928941,val
127,0.00619405,0.485567,0.997275,0.999956,1.287897,0.773300,0.931503,val
128,0.00569925,0.484108,0.997253,0.999956,1.298560,0.771128,0.932261,val
129,0.00522389,0.479696,0.997914,1.000000,1.283292,0.772564,0.932629,val
130,0.00476817,0.476615,0.998269,1.000000,1.282357,0.777034,0.933605,val
131,0.00433229,0.476213,0.998069,1.000000,1.284669,0.772174,0.932284,val
132,0.00391645,0.474627,0.998380,1.000000,1.285418,0.772909,0.931698,val
133,0.00352082,0.472957,0.998513,1.000000,1.282906,0.773495,0.935168,val
134,0.00314559,0.471827,0.998646,0.999978,1.275534,0.777125,0.934949,val
135,0.00279090,0.470083,0.998513,1.000000,1.271205,0.779354,0.935317,val
136,0.00245693,0.468026,0.998269,1.000000,1.274564,0.779285,0.933996,val
137,0.00214381,0.467393,0.998890,1.000000,1.277865,0.780090,0.932215,val
138,0.00185169,0.467507,0.998801,1.000000,1.278848,0.777011,0.932112,val
139,0.00158068,0.465266,0.998935,1.000000,1.277792,0.780699,0.933801,val
140,0.00133092,0.466042,0.999001,1.000000,1.276849,0.781261,0.935168,val
141,0.00110251,0.465160,0.999023,1.000000,1.276146,0.781480,0.934777,val
142,0.00089555,0.464248,0.998824,1.000000,1.277137,0.781089,0.934168,val
143,0.00071013,0.463698,0.999223,1.000000,1.275669,0.781261,0.935754,val
144,0.00054633,0.463592,0.999223,1.000000,1.274839,0.783824,0.936340,val
145,0.00040423,0.462474,0.999112,1.000000,1.275982,0.781480,0.934582,val
146,0.00028388,0.463673,0.999134,1.000000,1.273175,0.780722,0.935754,val
147,0.00018534,0.463308,0.999157,1.000000,1.275507,0.779940,0.935340,val
148,0.00010865,0.462788,0.999051,0.999978,1.273359,0.780113,0.935731,val
149,0.00005385,0.463150,0.999090,1.000000,1.276359,0.781457,0.934582,val
150,0.00002096,0.461913,0.999334,1.000000,1.272130,0.779871,0.934019,val
